Acc X;Acc Y;Acc Z;Gyr X;Gyr Y;Gyr Z;Mag X;Mag Y;Mag Z;q0;q1;q2;q3;Roll;Pitch;Yaw;
-0.14;-0.24;9.01;-0.02;0.01;-0.00;-0.10;1.05;-1.27;0.82;-0.01;0.01;0.57;-0.41;1.89;69.03;
-0.55;-0.07;10.66;0.02;-0.01;-0.00;-0.05;1.01;-1.20;0.82;-0.01;0.01;0.57;-0.40;1.88;69.03;
-0.12;-0.01;9.29;-0.01;0.00;0.00;-0.10;1.06;-1.24;0.82;-0.01;0.01;0.57;-0.40;1.88;69.02;
-0.24;-0.25;9.52;-0.02;0.01;0.00;-0.04;1.00;-1.17;0.82;-0.01;0.01;0.57;-0.41;1.88;69.02;
-0.54;-0.00;10.44;0.02;-0.01;-0.00;-0.11;1.05;-1.27;0.82;-0.01;0.01;0.57;-0.40;1.88;69.02;
-0.13;0.03;9.31;-0.02;0.01;-0.00;-0.04;1.01;-1.20;0.82;-0.01;0.01;0.57;-0.40;1.88;69.02;
-0.39;-0.27;9.92;-0.01;0.00;-0.00;-0.10;1.05;-1.18;0.82;-0.01;0.01;0.57;-0.41;1.88;69.02;
-0.43;0.07;10.14;0.02;-0.01;-0.00;-0.05;1.01;-1.16;0.82;-0.01;0.01;0.57;-0.40;1.88;69.02;
-0.11;-0.06;9.46;-0.02;0.01;-0.00;-0.09;1.04;-1.18;0.82;-0.01;0.01;0.57;-0.41;1.88;69.02;
-0.49;-0.22;9.99;0.00;-0.01;0.00;-0.07;1.02;-1.18;0.82;-0.01;0.01;0.57;-0.40;1.88;69.02;
-0.34;0.06;9.81;0.01;-0.00;0.00;-0.10;1.03;-1.13;0.82;-0.01;0.01;0.57;-0.40;1.87;69.02;
-0.27;-0.17;9.49;-0.01;0.01;0.00;-0.09;1.04;-1.17;0.82;-0.01;0.01;0.57;-0.41;1.88;69.02;
-0.53;-0.19;9.99;0.01;-0.01;-0.00;-0.10;1.05;-1.21;0.82;-0.01;0.01;0.57;-0.40;1.88;69.02;
-0.21;-0.01;9.67;0.01;-0.01;-0.00;-0.10;1.04;-1.20;0.82;-0.01;0.01;0.57;-0.40;1.87;69.02;
-0.18;-0.26;9.39;-0.01;0.01;0.00;-0.08;1.05;-1.16;0.82;-0.01;0.01;0.57;-0.41;1.88;69.02;
-0.51;-0.06;10.10;0.01;-0.00;0.00;-0.11;1.05;-1.18;0.82;-0.01;0.01;0.57;-0.40;1.87;69.02;
-0.30;0.00;9.80;0.00;0.00;-0.00;-0.08;1.04;-1.16;0.82;-0.01;0.01;0.57;-0.40;1.87;69.02;
-0.29;-0.25;9.40;-0.01;0.01;-0.00;-0.12;1.07;-1.23;0.82;-0.01;0.01;0.57;-0.41;1.88;69.01;
-0.52;0.02;10.23;0.01;-0.00;-0.00;-0.08;1.04;-1.20;0.82;-0.01;0.01;0.57;-0.40;1.88;69.01;
-0.17;0.03;9.81;0.00;-0.00;-0.00;-0.13;1.10;-1.24;0.82;-0.01;0.01;0.57;-0.40;1.87;69.01;
-0.26;-0.19;9.57;-0.01;0.01;0.00;-0.06;1.05;-1.18;0.82;-0.01;0.01;0.57;-0.41;1.88;69.01;
-0.57;0.00;10.28;0.02;-0.01;0.00;-0.13;1.07;-1.25;0.82;-0.01;0.01;0.57;-0.40;1.88;69.01;
-0.19;-0.07;9.45;-0.01;0.00;0.00;-0.06;1.04;-1.19;0.82;-0.01;0.01;0.57;-0.40;1.88;69.01;
-0.40;-0.27;9.65;-0.00;0.01;0.00;-0.13;1.08;-1.30;0.82;-0.01;0.01;0.57;-0.40;1.88;69.01;
-0.37;0.04;10.24;0.01;-0.01;0.00;-0.06;1.04;-1.26;0.82;-0.01;0.01;0.57;-0.39;1.87;69.01;
-0.12;-0.11;9.31;-0.01;0.01;0.00;-0.12;1.07;-1.34;0.82;-0.01;0.01;0.57;-0.40;1.88;69.01;
-0.38;-0.24;9.80;-0.00;0.00;0.00;-0.05;1.03;-1.24;0.82;-0.01;0.01;0.57;-0.40;1.88;69.02;
-0.35;0.08;10.07;0.01;-0.01;0.00;-0.11;1.05;-1.25;0.82;-0.01;0.01;0.57;-0.39;1.87;69.02;
-0.19;-0.25;9.21;-0.01;0.01;0.00;-0.05;1.02;-1.25;0.82;-0.01;0.01;0.57;-0.40;1.88;69.02;
-0.38;-0.15;9.92;0.01;-0.00;-0.00;-0.10;1.04;-1.25;0.82;-0.01;0.01;0.57;-0.40;1.87;69.01;
-0.24;0.09;10.01;0.00;-0.00;-0.00;-0.07;1.02;-1.24;0.82;-0.01;0.01;0.57;-0.40;1.87;69.01;
-0.22;-0.27;9.21;-0.01;0.00;-0.00;-0.07;1.03;-1.22;0.82;-0.01;0.01;0.57;-0.40;1.88;69.01;
-0.45;-0.01;10.16;-0.00;0.00;-0.00;-0.08;1.03;-1.28;0.82;-0.01;0.01;0.57;-0.40;1.88;69.01;
-0.36;-0.01;10.07;0.00;-0.00;-0.00;-0.07;1.02;-1.24;0.82;-0.01;0.01;0.57;-0.40;1.87;69.00;
-0.28;-0.18;9.15;-0.01;0.01;-0.00;-0.09;1.03;-1.20;0.82;-0.01;0.01;0.57;-0.41;1.88;69.00;
-0.51;0.06;10.58;0.01;-0.00;-0.00;-0.06;1.00;-1.14;0.82;-0.01;0.01;0.57;-0.40;1.87;69.00;
-0.32;-0.03;9.77;0.01;-0.00;-0.00;-0.11;1.04;-1.22;0.82;-0.01;0.01;0.57;-0.40;1.87;69.00;
-0.30;-0.20;9.14;-0.01;0.01;0.00;-0.03;1.00;-1.13;0.82;-0.01;0.01;0.57;-0.41;1.88;69.00;
-0.53;0.04;10.83;0.01;-0.01;0.00;-0.11;1.05;-1.17;0.82;-0.01;0.01;0.57;-0.40;1.87;69.00;
-0.25;-0.15;9.05;0.01;-0.01;0.00;-0.05;1.00;-1.15;0.82;-0.01;0.01;0.57;-0.39;1.87;69.00;
-0.28;-0.23;9.48;-0.02;0.01;0.00;-0.12;1.06;-1.19;0.82;-0.01;0.01;0.57;-0.40;1.87;69.01;
-0.56;-0.05;10.54;0.02;-0.01;0.00;-0.06;1.01;-1.16;0.82;-0.01;0.01;0.57;-0.39;1.87;69.01;
-0.16;-0.15;8.79;-0.02;0.01;0.00;-0.13;1.07;-1.16;0.82;-0.01;0.01;0.57;-0.40;1.87;69.01;
-0.35;-0.26;10.03;-0.01;0.01;-0.00;-0.07;1.04;-1.14;0.82;-0.01;0.01;0.57;-0.40;1.88;69.01;
-0.36;0.03;10.05;0.02;-0.01;-0.00;-0.13;1.07;-1.17;0.82;-0.01;0.01;0.57;-0.39;1.87;69.00;
-0.08;-0.10;9.04;-0.02;0.01;0.00;-0.10;1.05;-1.17;0.82;-0.01;0.01;0.57;-0.41;1.88;69.01;
-0.42;-0.19;10.46;0.00;0.00;0.00;-0.11;1.06;-1.14;0.82;-0.01;0.01;0.57;-0.40;1.88;69.01;
-0.36;0.18;9.78;0.01;-0.00;0.00;-0.12;1.07;-1.18;0.82;-0.01;0.01;0.57;-0.40;1.88;69.01;
-0.16;-0.19;9.48;-0.02;0.02;-0.00;-0.11;1.06;-1.17;0.82;-0.01;0.01;0.57;-0.41;1.89;69.00;
-0.50;-0.07;10.41;0.02;-0.01;-0.00;-0.13;1.09;-1.21;0.82;-0.01;0.01;0.57;-0.40;1.88;69.00;
-0.16;0.13;9.64;-0.00;0.00;0.00;-0.10;1.05;-1.19;0.82;-0.01;0.01;0.57;-0.40;1.88;69.00;
-0.16;-0.34;9.51;-0.01;0.00;0.00;-0.14;1.08;-1.24;0.82;-0.01;0.01;0.57;-0.41;1.88;69.00;
-0.53;-0.00;10.22;0.02;-0.01;0.00;-0.09;1.06;-1.24;0.82;-0.01;0.01;0.57;-0.40;1.87;69.00;
-0.19;-0.03;9.56;-0.00;0.00;0.00;-0.15;1.09;-1.23;0.82;-0.01;0.01;0.57;-0.40;1.87;69.00;
-0.34;-0.31;9.42;-0.00;0.00;-0.00;-0.07;1.05;-1.22;0.82;-0.01;0.01;0.57;-0.40;1.87;69.00;
-0.46;0.00;10.10;0.01;-0.01;-0.00;-0.15;1.07;-1.25;0.82;-0.01;0.01;0.57;-0.39;1.87;69.00;
-0.09;-0.13;9.43;-0.01;0.01;-0.00;-0.08;1.03;-1.23;0.82;-0.01;0.01;0.57;-0.40;1.87;69.00;
-0.41;-0.25;9.50;-0.01;0.01;-0.00;-0.14;1.08;-1.29;0.82;-0.01;0.01;0.57;-0.40;1.88;69.00;
-0.50;-0.05;10.17;0.01;-0.01;-0.00;-0.08;1.03;-1.23;0.82;-0.01;0.01;0.57;-0.40;1.87;68.99;
-0.21;-0.09;9.32;-0.01;0.01;-0.00;-0.14;1.08;-1.26;0.82;-0.01;0.01;0.57;-0.41;1.88;68.99;
-0.48;-0.11;10.02;-0.01;0.00;-0.00;-0.07;1.03;-1.26;0.82;-0.01;0.01;0.57;-0.41;1.88;68.99;
-0.36;0.04;10.25;0.02;-0.00;-0.00;-0.13;1.08;-1.25;0.82;-0.01;0.01;0.57;-0.40;1.88;68.99;
-0.15;-0.05;9.27;-0.02;0.01;0.00;-0.08;1.03;-1.25;0.82;-0.01;0.01;0.57;-0.41;1.88;68.99;
-0.56;-0.08;10.45;0.01;-0.00;0.00;-0.10;1.05;-1.25;0.82;-0.01;0.01;0.57;-0.41;1.88;68.99;
-0.39;0.08;9.78;0.02;-0.01;0.00;-0.09;1.04;-1.27;0.82;-0.01;0.01;0.57;-0.40;1.87;68.99;
-0.23;-0.15;9.35;-0.02;0.01;0.00;-0.09;1.03;-1.22;0.82;-0.01;0.01;0.57;-0.41;1.88;68.99;
-0.54;-0.14;10.27;0.02;-0.01;-0.00;-0.09;1.04;-1.26;0.82;-0.01;0.01;0.57;-0.40;1.87;68.99;
-0.18;-0.06;9.35;-0.00;0.01;0.00;-0.05;1.01;-1.16;0.82;-0.01;0.01;0.57;-0.40;1.87;68.99;
-0.20;-0.30;9.53;-0.01;0.01;0.00;-0.11;1.05;-1.23;0.82;-0.01;0.01;0.57;-0.41;1.88;68.99;
-0.43;-0.11;10.06;0.02;-0.01;0.00;-0.04;1.02;-1.19;0.82;-0.01;0.01;0.57;-0.40;1.88;68.99;
-0.22;-0.05;9.41;-0.01;-0.00;0.00;-0.12;1.06;-1.21;0.82;-0.01;0.01;0.57;-0.40;1.88;68.99;
-0.27;-0.30;9.52;-0.01;0.01;0.00;-0.05;1.03;-1.16;0.82;-0.01;0.01;0.57;-0.41;1.88;68.99;
-0.54;0.11;10.29;0.01;-0.01;-0.00;-0.12;1.08;-1.23;0.82;-0.01;0.01;0.57;-0.40;1.88;68.99;
-0.06;-0.14;9.53;-0.01;0.01;-0.00;-0.06;1.03;-1.21;0.82;-0.01;0.01;0.57;-0.41;1.88;68.99;
-0.38;-0.18;9.64;-0.00;0.00;0.00;-0.12;1.08;-1.23;0.82;-0.01;0.01;0.57;-0.41;1.88;68.99;
-0.35;0.12;10.49;0.01;-0.01;0.00;-0.06;1.04;-1.21;0.82;-0.01;0.01;0.57;-0.40;1.87;68.99;
-0.20;-0.12;9.37;-0.01;0.00;-0.00;-0.13;1.08;-1.29;0.82;-0.01;0.01;0.57;-0.40;1.87;68.99;
-0.39;-0.12;9.73;-0.00;-0.00;0.00;-0.08;1.05;-1.27;0.82;-0.01;0.01;0.57;-0.41;1.87;68.99;
-0.35;0.07;10.49;0.01;-0.00;-0.00;-0.11;1.06;-1.27;0.82;-0.01;0.01;0.57;-0.40;1.87;68.99;
-0.26;-0.15;9.11;-0.01;0.01;-0.00;-0.10;1.04;-1.31;0.82;-0.01;0.01;0.57;-0.40;1.87;68.99;
-0.45;-0.19;9.85;0.00;0.00;-0.00;-0.11;1.06;-1.27;0.82;-0.01;0.01;0.57;-0.40;1.87;68.99;
-0.27;0.06;10.16;0.01;-0.00;-0.00;-0.11;1.02;-1.29;0.82;-0.01;0.01;0.57;-0.40;1.87;68.98;
-0.30;-0.29;9.03;-0.01;0.01;0.00;-0.10;1.02;-1.22;0.82;-0.01;0.01;0.57;-0.40;1.88;68.98;
-0.44;-0.15;9.98;0.00;0.00;0.00;-0.13;1.03;-1.26;0.82;-0.01;0.01;0.57;-0.40;1.88;68.98;
-0.41;0.01;9.96;0.01;-0.00;0.00;-0.08;1.01;-1.24;0.82;-0.01;0.01;0.57;-0.40;1.87;68.98;
-0.25;-0.30;9.05;-0.02;0.01;0.00;-0.13;1.03;-1.28;0.82;-0.01;0.01;0.57;-0.41;1.88;68.98;
-0.51;0.00;10.38;0.01;-0.01;0.00;-0.07;1.00;-1.22;0.82;-0.01;0.01;0.57;-0.40;1.87;68.98;
-0.22;-0.04;9.64;0.00;-0.01;0.00;-0.13;1.06;-1.27;0.82;-0.01;0.01;0.57;-0.40;1.87;68.98;
-0.29;-0.14;9.49;-0.02;0.01;0.00;-0.06;1.00;-1.20;0.82;-0.01;0.01;0.57;-0.41;1.87;68.99;
-0.56;0.08;10.65;0.01;-0.01;0.00;-0.13;1.05;-1.24;0.82;-0.01;0.01;0.57;-0.41;1.87;68.99;
-0.14;-0.04;9.31;-0.00;0.00;0.00;-0.06;1.01;-1.17;0.82;-0.01;0.01;0.57;-0.41;1.87;68.99;
-0.26;-0.14;9.81;-0.01;0.01;0.00;-0.13;1.05;-1.21;0.82;-0.01;0.01;0.57;-0.41;1.88;68.99;
-0.42;-0.02;10.40;0.02;-0.01;0.00;-0.05;1.02;-1.21;0.82;-0.01;0.01;0.57;-0.40;1.87;68.99;
-0.12;-0.13;8.95;-0.01;0.01;0.00;-0.12;1.06;-1.21;0.82;-0.01;0.01;0.57;-0.40;1.88;68.99;
-0.34;-0.24;9.98;-0.00;0.00;0.00;-0.05;1.01;-1.17;0.82;-0.01;0.01;0.57;-0.41;1.88;68.99;
-0.46;-0.02;10.07;0.02;-0.01;-0.00;-0.10;1.05;-1.16;0.82;-0.01;0.01;0.57;-0.40;1.87;68.98;
-0.12;-0.24;8.79;-0.02;0.01;-0.00;-0.06;1.03;-1.19;0.82;-0.01;0.01;0.57;-0.41;1.88;68.98;
-0.41;-0.22;10.17;0.00;-0.00;-0.00;-0.10;1.05;-1.18;0.82;-0.01;0.01;0.57;-0.40;1.88;68.98;
-0.37;0.13;10.03;0.01;-0.01;0.00;-0.06;1.03;-1.18;0.82;-0.01;0.01;0.57;-0.40;1.87;68.98;
-0.15;-0.30;9.11;-0.02;0.00;0.00;-0.08;1.05;-1.15;0.82;-0.01;0.01;0.57;-0.41;1.87;68.98;
-0.53;-0.01;10.37;0.01;-0.01;-0.00;-0.08;1.05;-1.19;0.82;-0.01;0.01;0.57;-0.40;1.87;68.98;
-0.32;0.09;9.89;0.00;-0.00;0.00;-0.07;1.06;-1.23;0.82;-0.01;0.01;0.57;-0.40;1.87;68.98;
-0.27;-0.22;9.39;-0.01;0.00;-0.00;-0.09;1.06;-1.24;0.82;-0.01;0.01;0.57;-0.41;1.87;68.98;
-0.49;0.06;10.39;0.01;-0.00;-0.00;-0.06;1.05;-1.17;0.82;-0.01;0.01;0.57;-0.40;1.87;68.98;
-0.25;-0.02;9.70;0.01;0.00;-0.00;-0.09;1.08;-1.22;0.82;-0.01;0.01;0.57;-0.40;1.87;68.97;
-0.28;-0.22;9.35;-0.01;0.01;0.00;-0.05;1.03;-1.22;0.82;-0.01;0.01;0.57;-0.41;1.87;68.97;
-0.57;-0.04;10.37;0.01;0.00;-0.00;-0.11;1.06;-1.26;0.82;-0.01;0.01;0.57;-0.40;1.87;68.97;
-0.19;-0.10;9.22;-0.00;0.00;-0.00;-0.04;1.01;-1.20;0.82;-0.01;0.01;0.57;-0.40;1.88;68.97;
-0.35;-0.28;9.59;-0.01;0.01;-0.00;-0.11;1.06;-1.24;0.82;-0.01;0.01;0.57;-0.41;1.88;68.97;
-0.46;-0.03;10.32;0.02;-0.01;0.00;-0.04;1.00;-1.21;0.82;-0.01;0.01;0.57;-0.40;1.88;68.97;
-0.14;-0.14;8.99;-0.01;0.00;0.00;-0.11;1.05;-1.21;0.82;-0.01;0.01;0.57;-0.40;1.88;68.97;
-0.41;-0.18;10.07;-0.01;0.01;0.00;-0.05;1.00;-1.19;0.82;-0.01;0.01;0.57;-0.41;1.88;68.98;
-0.44;0.06;10.21;0.02;-0.02;0.00;-0.10;1.05;-1.19;0.82;-0.01;0.01;0.57;-0.40;1.87;68.98;
-0.08;-0.09;9.06;-0.02;0.00;0.00;-0.04;1.02;-1.18;0.82;-0.01;0.01;0.57;-0.41;1.87;68.98;
-0.53;-0.12;10.40;0.01;-0.00;0.00;-0.10;1.04;-1.22;0.82;-0.01;0.01;0.57;-0.40;1.87;68.98;
-0.19;0.10;9.84;0.01;-0.01;0.00;-0.06;1.02;-1.21;0.82;-0.01;0.01;0.57;-0.40;1.87;68.98;
-0.20;-0.13;9.49;-0.02;0.02;-0.00;-0.09;1.04;-1.13;0.82;-0.01;0.01;0.57;-0.41;1.88;68.98;
-0.50;-0.08;10.37;0.02;-0.01;0.00;-0.09;1.02;-1.19;0.82;-0.01;0.01;0.57;-0.40;1.87;68.98;
-0.22;0.06;9.57;0.00;0.01;-0.00;-0.08;1.05;-1.19;0.82;-0.01;0.01;0.57;-0.40;1.87;68.97;
-0.26;-0.33;9.44;-0.01;0.01;-0.00;-0.09;1.05;-1.25;0.82;-0.01;0.01;0.57;-0.41;1.88;68.97;
-0.52;-0.09;10.07;0.02;-0.00;-0.00;-0.08;1.04;-1.17;0.82;-0.01;0.01;0.57;-0.40;1.88;68.97;
-0.18;-0.10;9.44;-0.01;0.01;-0.00;-0.11;1.07;-1.21;0.82;-0.01;0.01;0.57;-0.40;1.88;68.97;
-0.34;-0.35;9.49;-0.00;0.00;-0.00;-0.06;1.03;-1.16;0.82;-0.01;0.01;0.57;-0.40;1.88;68.97;
-0.44;0.02;10.14;0.01;-0.01;0.00;-0.13;1.07;-1.21;0.82;-0.01;0.01;0.57;-0.40;1.88;68.97;
-0.16;-0.14;9.40;-0.01;-0.00;0.00;-0.05;1.04;-1.18;0.82;-0.01;0.01;0.57;-0.40;1.88;68.97;
-0.41;-0.09;9.78;-0.01;-0.00;0.00;-0.13;1.10;-1.24;0.82;-0.01;0.01;0.57;-0.41;1.88;68.97;
-0.46;0.07;10.48;0.01;-0.01;0.00;-0.07;1.04;-1.21;0.82;-0.01;0.01;0.57;-0.40;1.87;68.97;
-0.22;-0.10;9.19;-0.01;0.01;-0.00;-0.12;1.08;-1.24;0.82;-0.01;0.01;0.57;-0.41;1.87;68.97;
-0.44;-0.06;10.10;-0.00;0.00;-0.00;-0.07;1.05;-1.18;0.82;-0.01;0.01;0.57;-0.41;1.87;68.97;
-0.32;0.05;10.36;0.02;-0.01;-0.00;-0.13;1.08;-1.20;0.82;-0.01;0.01;0.57;-0.40;1.87;68.97;
-0.19;-0.13;8.99;-0.02;0.01;0.00;-0.06;1.05;-1.24;0.82;-0.01;0.01;0.57;-0.41;1.88;68.97;
-0.43;-0.15;10.32;0.00;0.01;0.00;-0.13;1.07;-1.24;0.82;-0.01;0.01;0.57;-0.40;1.88;68.97;
-0.43;-0.00;9.84;0.02;-0.00;-0.00;-0.07;1.03;-1.25;0.82;-0.01;0.01;0.57;-0.39;1.87;68.97;
-0.14;-0.18;9.01;-0.02;0.02;0.00;-0.11;1.06;-1.23;0.82;-0.01;0.01;0.57;-0.41;1.88;68.96;
-0.54;-0.18;10.44;0.02;-0.01;-0.00;-0.08;1.04;-1.27;0.82;-0.01;0.01;0.57;-0.40;1.88;68.96;
-0.15;-0.01;9.22;-0.00;-0.00;-0.00;-0.09;1.03;-1.25;0.82;-0.01;0.01;0.57;-0.40;1.88;68.96;
-0.21;-0.27;9.56;-0.02;0.01;0.00;-0.08;1.03;-1.27;0.82;-0.01;0.01;0.57;-0.41;1.89;68.96;
-0.49;-0.14;10.20;0.02;-0.02;0.00;-0.08;1.02;-1.21;0.82;-0.01;0.01;0.57;-0.39;1.87;68.97;
-0.18;0.06;9.35;-0.01;-0.00;0.00;-0.08;1.04;-1.28;0.82;-0.01;0.01;0.57;-0.40;1.87;68.97;
-0.31;-0.29;9.89;-0.01;0.00;0.00;-0.06;1.02;-1.22;0.82;-0.01;0.01;0.57;-0.41;1.88;68.97;
-0.49;0.12;10.24;0.02;-0.01;0.00;-0.09;1.04;-1.27;0.82;-0.01;0.01;0.57;-0.40;1.87;68.97;
-0.08;-0.05;9.38;-0.02;0.01;-0.00;-0.06;1.01;-1.17;0.82;-0.01;0.01;0.57;-0.41;1.87;68.97;
-0.41;-0.19;9.97;0.00;-0.00;-0.00;-0.09;1.03;-1.20;0.82;-0.01;0.01;0.57;-0.40;1.87;68.96;
-0.40;0.14;10.25;0.01;-0.00;-0.00;-0.05;1.00;-1.14;0.82;-0.01;0.01;0.57;-0.40;1.87;68.96;
-0.24;-0.17;9.30;-0.01;0.01;-0.00;-0.10;1.04;-1.20;0.82;-0.01;0.01;0.57;-0.40;1.88;68.96;
-0.44;-0.12;9.86;-0.00;0.01;-0.00;-0.03;1.01;-1.16;0.82;-0.01;0.01;0.57;-0.40;1.88;68.96;
-0.40;-0.01;10.14;0.01;-0.00;-0.00;-0.11;1.04;-1.16;0.82;-0.01;0.01;0.57;-0.40;1.88;68.95;
-0.14;-0.25;8.95;-0.01;0.00;0.00;-0.05;1.01;-1.11;0.82;-0.01;0.01;0.57;-0.40;1.88;68.95;
-0.52;-0.12;10.18;0.00;-0.00;0.00;-0.12;1.05;-1.16;0.82;-0.01;0.01;0.57;-0.40;1.88;68.96;
-0.36;-0.08;9.83;0.01;-0.01;0.01;-0.07;1.01;-1.13;0.82;-0.01;0.01;0.57;-0.39;1.87;68.96;
-0.21;-0.18;8.95;-0.02;0.01;0.00;-0.12;1.07;-1.18;0.82;-0.01;0.01;0.57;-0.40;1.88;68.96;
-0.54;-0.10;10.46;0.01;-0.01;0.00;-0.07;1.02;-1.12;0.82;-0.01;0.01;0.57;-0.40;1.87;68.96;
-0.20;0.06;9.67;0.01;-0.01;0.00;-0.14;1.06;-1.13;0.82;-0.01;0.01;0.57;-0.40;1.87;68.96;
-0.12;-0.22;9.38;-0.02;0.02;0.00;-0.07;1.05;-1.17;0.82;-0.01;0.01;0.57;-0.41;1.88;68.96;
-0.57;0.03;10.64;0.02;-0.01;0.00;-0.14;1.08;-1.14;0.82;-0.01;0.01;0.57;-0.40;1.87;68.96;
-0.13;0.08;9.36;-0.01;0.01;-0.00;-0.10;1.06;-1.20;0.82;-0.01;0.01;0.57;-0.40;1.87;68.96;
-0.35;-0.23;9.81;-0.01;0.02;-0.00;-0.13;1.09;-1.19;0.82;-0.01;0.01;0.57;-0.41;1.88;68.96;
-0.46;0.05;10.37;0.02;-0.01;-0.00;-0.11;1.08;-1.20;0.82;-0.01;0.01;0.57;-0.39;1.87;68.96;
-0.11;-0.11;9.14;-0.01;0.01;-0.00;-0.13;1.08;-1.20;0.82;-0.01;0.01;0.57;-0.40;1.88;68.95;
-0.35;-0.23;9.93;-0.00;0.00;0.00;-0.12;1.08;-1.30;0.82;-0.01;0.01;0.57;-0.40;1.88;68.95;
-0.41;0.05;10.12;0.02;-0.01;-0.00;-0.11;1.07;-1.24;0.82;-0.01;0.01;0.57;-0.39;1.88;68.95;
-0.14;-0.26;8.92;-0.01;0.00;-0.00;-0.13;1.07;-1.27;0.82;-0.01;0.01;0.57;-0.40;1.88;68.95;
-0.47;-0.19;10.10;-0.00;0.00;0.00;-0.09;1.05;-1.22;0.82;-0.01;0.01;0.57;-0.40;1.88;68.95;
-0.40;-0.01;10.01;0.01;-0.01;0.00;-0.14;1.07;-1.28;0.82;-0.01;0.01;0.57;-0.39;1.87;68.95;
-0.17;-0.23;8.97;-0.02;0.01;-0.00;-0.08;1.03;-1.26;0.82;-0.01;0.01;0.57;-0.40;1.87;68.95;
-0.52;-0.08;10.36;0.00;-0.00;0.00;-0.14;1.08;-1.24;0.82;-0.01;0.01;0.57;-0.40;1.87;68.95;
-0.23;0.03;9.76;0.01;-0.00;0.00;-0.07;1.03;-1.23;0.82;-0.01;0.01;0.57;-0.40;1.87;68.95;
-0.33;-0.12;9.37;-0.02;0.01;0.00;-0.14;1.09;-1.29;0.82;-0.01;0.01;0.57;-0.41;1.88;68.95;
-0.56;-0.11;10.48;0.02;-0.01;0.00;-0.06;1.03;-1.27;0.82;-0.01;0.01;0.57;-0.40;1.87;68.95;
-0.24;0.09;9.49;-0.00;0.00;-0.00;-0.13;1.07;-1.25;0.82;-0.01;0.01;0.57;-0.40;1.87;68.95;
-0.24;-0.25;9.72;-0.02;0.02;0.00;-0.06;1.02;-1.22;0.82;-0.01;0.01;0.57;-0.41;1.88;68.95;
-0.50;0.02;10.27;0.03;-0.01;0.00;-0.11;1.05;-1.20;0.82;-0.01;0.01;0.57;-0.39;1.88;68.95;
-0.07;-0.05;9.34;-0.02;0.01;0.00;-0.07;1.02;-1.24;0.82;-0.01;0.01;0.57;-0.40;1.88;68.95;
-0.46;-0.30;9.76;0.00;-0.00;0.00;-0.09;1.04;-1.21;0.82;-0.01;0.01;0.57;-0.40;1.88;68.95;
-0.39;0.00;9.98;0.01;-0.01;0.00;-0.08;1.03;-1.27;0.82;-0.01;0.01;0.57;-0.39;1.88;68.95;
-0.20;-0.15;9.47;-0.01;0.01;-0.00;-0.08;1.05;-1.21;0.82;-0.01;0.01;0.57;-0.40;1.88;68.95;
-0.34;-0.23;9.65;-0.00;-0.00;-0.00;-0.09;1.04;-1.22;0.82;-0.01;0.01;0.57;-0.40;1.88;68.95;
-0.32;0.02;10.06;0.01;-0.00;0.00;-0.07;1.03;-1.23;0.82;-0.01;0.01;0.57;-0.40;1.88;68.95;
-0.17;-0.14;9.44;-0.01;-0.00;0.00;-0.11;1.08;-1.26;0.82;-0.01;0.01;0.57;-0.40;1.88;68.95;
-0.44;-0.10;9.87;-0.00;-0.00;0.00;-0.05;1.05;-1.20;0.82;-0.01;0.01;0.57;-0.40;1.87;68.95;
-0.35;0.10;10.30;0.00;0.00;0.00;-0.13;1.09;-1.24;0.82;-0.01;0.01;0.57;-0.40;1.87;68.96;
-0.33;-0.20;9.21;-0.01;0.01;-0.00;-0.06;1.04;-1.19;0.82;-0.01;0.01;0.57;-0.40;1.88;68.95;
-0.41;0.01;10.12;0.00;0.00;-0.00;-0.12;1.08;-1.26;0.82;-0.01;0.01;0.57;-0.40;1.88;68.95;
-0.32;-0.01;10.15;0.01;-0.00;-0.00;-0.06;1.04;-1.22;0.82;-0.01;0.01;0.57;-0.40;1.88;68.95;
-0.13;-0.22;9.05;-0.01;0.00;0.00;-0.14;1.09;-1.29;0.82;-0.01;0.01;0.57;-0.40;1.88;68.95;
-0.49;-0.03;10.43;0.01;-0.00;0.00;-0.06;1.04;-1.29;0.82;-0.01;0.01;0.57;-0.40;1.88;68.95;
-0.38;-0.00;9.80;0.01;-0.01;0.01;-0.13;1.06;-1.27;0.82;-0.01;0.01;0.57;-0.39;1.88;68.95;
-0.26;-0.28;9.02;-0.01;0.01;0.00;-0.09;1.03;-1.27;0.82;-0.01;0.01;0.57;-0.40;1.88;68.95;
-0.54;-0.12;10.40;0.01;-0.01;-0.00;-0.12;1.04;-1.23;0.82;-0.01;0.01;0.57;-0.39;1.88;68.95;
-0.16;-0.05;9.40;-0.00;-0.00;-0.00;-0.10;1.02;-1.27;0.82;-0.01;0.01;0.57;-0.39;1.87;68.95;
-0.25;-0.32;9.35;-0.01;0.01;-0.00;-0.12;1.05;-1.29;0.82;-0.01;0.01;0.57;-0.40;1.88;68.95;
-0.49;-0.01;10.38;0.02;-0.01;0.00;-0.11;1.04;-1.25;0.82;-0.01;0.01;0.57;-0.39;1.87;68.95;
-0.17;-0.04;9.27;-0.01;0.01;0.00;-0.10;1.02;-1.19;0.82;-0.01;0.01;0.57;-0.40;1.88;68.95;
-0.44;-0.23;9.79;-0.00;-0.00;-0.00;-0.11;1.03;-1.26;0.82;-0.01;0.01;0.57;-0.40;1.88;68.95;
-0.37;0.08;10.34;0.01;-0.00;-0.00;-0.08;1.01;-1.23;0.82;-0.01;0.01;0.57;-0.40;1.88;68.95;
-0.18;-0.09;9.24;-0.01;0.01;-0.00;-0.12;1.03;-1.24;0.82;-0.01;0.01;0.57;-0.41;1.88;68.94;
-0.38;-0.11;10.16;-0.00;0.00;0.00;-0.08;1.01;-1.21;0.82;-0.01;0.01;0.57;-0.41;1.88;68.94;
-0.41;0.11;10.22;0.01;-0.00;0.00;-0.11;1.04;-1.26;0.82;-0.01;0.01;0.57;-0.40;1.88;68.94;
-0.20;-0.19;9.12;-0.01;0.01;0.00;-0.06;1.00;-1.21;0.82;-0.01;0.01;0.57;-0.41;1.89;68.94;
-0.46;-0.09;10.27;0.01;-0.01;-0.00;-0.13;1.07;-1.27;0.82;-0.01;0.01;0.57;-0.40;1.88;68.94;
-0.27;0.02;9.82;0.01;-0.00;0.00;-0.04;1.01;-1.18;0.82;-0.01;0.01;0.57;-0.40;1.88;68.94;
-0.18;-0.30;9.14;-0.01;0.01;0.00;-0.12;1.05;-1.27;0.82;-0.01;0.01;0.57;-0.40;1.88;68.94;
-0.54;-0.13;10.16;0.01;-0.01;0.00;-0.05;1.02;-1.20;0.82;-0.01;0.01;0.57;-0.40;1.88;68.94;
-0.25;-0.06;9.50;0.00;-0.01;-0.00;-0.10;1.05;-1.21;0.82;-0.01;0.01;0.57;-0.40;1.87;68.94;
-0.21;-0.31;9.32;-0.02;0.01;-0.00;-0.05;1.01;-1.11;0.82;-0.01;0.01;0.57;-0.41;1.88;68.94;
-0.57;-0.02;10.35;0.02;-0.01;-0.00;-0.10;1.06;-1.19;0.82;-0.01;0.01;0.57;-0.40;1.87;68.94;
-0.06;-0.02;9.44;-0.01;0.01;-0.00;-0.05;1.03;-1.16;0.82;-0.01;0.01;0.57;-0.41;1.88;68.94;
-0.35;-0.22;9.67;-0.01;0.01;-0.00;-0.10;1.06;-1.22;0.82;-0.01;0.01;0.57;-0.41;1.88;68.94;
-0.49;0.07;10.37;0.02;-0.02;-0.00;-0.07;1.07;-1.21;0.82;-0.01;0.01;0.57;-0.40;1.88;68.94;
-0.10;0.02;9.48;-0.01;0.00;-0.00;-0.07;1.06;-1.14;0.82;-0.01;0.01;0.57;-0.41;1.88;68.94;
-0.41;-0.23;9.86;-0.00;0.01;0.00;-0.08;1.05;-1.22;0.82;-0.01;0.01;0.57;-0.41;1.88;68.94;
-0.42;0.14;10.34;0.02;-0.01;0.00;-0.07;1.05;-1.18;0.82;-0.01;0.01;0.57;-0.40;1.87;68.94;
-0.14;-0.08;9.34;-0.02;0.01;0.00;-0.09;1.05;-1.18;0.82;-0.01;0.01;0.57;-0.41;1.88;68.94;
-0.50;-0.20;9.94;0.01;-0.00;-0.00;-0.06;1.02;-1.16;0.82;-0.01;0.01;0.57;-0.40;1.88;68.94;
-0.24;0.07;9.93;0.01;-0.01;-0.00;-0.10;1.07;-1.30;0.82;-0.01;0.01;0.57;-0.40;1.88;68.94;
-0.23;-0.25;9.34;-0.01;0.00;0.00;-0.04;1.02;-1.21;0.82;-0.01;0.01;0.57;-0.40;1.88;68.94;
-0.48;-0.22;9.81;0.01;-0.00;0.00;-0.10;1.05;-1.21;0.82;-0.01;0.01;0.57;-0.40;1.88;68.94;
-0.35;-0.03;9.69;0.00;0.00;-0.00;-0.03;1.01;-1.18;0.82;-0.01;0.01;0.57;-0.40;1.88;68.94;
-0.24;-0.25;9.42;-0.01;0.01;-0.00;-0.11;1.06;-1.24;0.82;-0.01;0.01;0.57;-0.41;1.88;68.93;
-0.51;-0.12;10.01;0.01;-0.00;-0.00;-0.05;1.00;-1.21;0.82;-0.01;0.01;0.57;-0.40;1.88;68.93;
-0.14;-0.00;9.69;-0.00;-0.00;-0.00;-0.10;1.06;-1.23;0.82;-0.01;0.01;0.57;-0.40;1.88;68.93;
-0.25;-0.19;9.70;-0.01;0.01;0.00;-0.04;1.02;-1.18;0.82;-0.01;0.01;0.57;-0.41;1.88;68.93;
-0.55;0.07;10.33;0.01;-0.01;0.00;-0.11;1.05;-1.17;0.82;-0.01;0.01;0.57;-0.40;1.88;68.93;
-0.22;0.01;9.63;-0.01;0.00;-0.00;-0.05;1.01;-1.19;0.82;-0.01;0.01;0.57;-0.41;1.88;68.93;
-0.40;-0.16;9.76;-0.00;0.01;-0.00;-0.11;1.06;-1.20;0.82;-0.01;0.01;0.57;-0.41;1.89;68.93;
-0.47;0.07;10.30;0.02;-0.01;0.00;-0.07;1.03;-1.21;0.82;-0.01;0.01;0.57;-0.40;1.88;68.93;
-0.03;-0.12;9.36;-0.01;0.01;0.00;-0.09;1.04;-1.15;0.82;-0.01;0.01;0.57;-0.40;1.89;68.93;
-0.45;-0.17;9.79;0.00;-0.00;0.00;-0.10;1.03;-1.17;0.82;-0.01;0.01;0.57;-0.40;1.88;68.93;
-0.38;0.02;10.15;0.01;-0.00;0.00;-0.09;1.04;-1.16;0.82;-0.01;0.01;0.57;-0.39;1.88;68.93;
-0.30;-0.23;9.09;-0.01;0.01;-0.00;-0.11;1.07;-1.24;0.82;-0.01;0.01;0.57;-0.40;1.89;68.93;
-0.45;-0.21;9.73;-0.00;0.00;-0.00;-0.08;1.03;-1.18;0.82;-0.01;0.01;0.57;-0.40;1.89;68.93;
-0.27;0.06;10.19;0.01;-0.00;-0.00;-0.12;1.07;-1.22;0.82;-0.01;0.01;0.57;-0.40;1.88;68.93;
-0.08;-0.35;8.98;-0.02;0.01;0.00;-0.06;1.04;-1.19;0.82;-0.01;0.01;0.57;-0.41;1.89;68.93;
-0.48;-0.02;10.14;0.00;-0.00;0.01;-0.13;1.08;-1.24;0.82;-0.01;0.01;0.57;-0.40;1.88;68.93;
-0.30;0.05;10.06;0.00;-0.00;0.00;-0.06;1.05;-1.18;0.82;-0.01;0.01;0.57;-0.40;1.88;68.93;
-0.37;-0.18;9.22;-0.01;0.00;-0.00;-0.13;1.09;-1.25;0.82;-0.01;0.01;0.57;-0.41;1.88;68.93;
-0.37;-0.07;10.38;0.00;-0.00;-0.00;-0.07;1.06;-1.23;0.82;-0.01;0.01;0.57;-0.41;1.88;68.93;
-0.25;0.02;9.82;0.00;0.00;-0.00;-0.13;1.09;-1.24;0.82;-0.01;0.01;0.57;-0.41;1.88;68.93;
-0.25;-0.18;9.35;-0.01;0.00;0.00;-0.07;1.04;-1.20;0.82;-0.01;0.01;0.57;-0.41;1.88;68.93;
-0.39;-0.05;10.43;0.01;-0.01;0.00;-0.13;1.07;-1.23;0.82;-0.01;0.01;0.57;-0.40;1.88;68.93;
-0.29;-0.00;9.39;0.00;0.00;0.00;-0.07;1.04;-1.27;0.82;-0.01;0.01;0.57;-0.40;1.88;68.93;
-0.35;-0.28;9.64;-0.01;0.01;-0.00;-0.11;1.08;-1.26;0.82;-0.01;0.01;0.57;-0.41;1.88;68.93;
-0.46;-0.05;10.23;0.02;-0.01;-0.00;-0.08;1.03;-1.25;0.82;-0.01;0.01;0.57;-0.40;1.88;68.92;
-0.19;-0.06;9.16;-0.01;0.01;-0.00;-0.08;1.03;-1.24;0.82;-0.01;0.01;0.57;-0.41;1.88;68.92;
-0.37;-0.29;9.89;-0.00;0.00;-0.00;-0.09;1.04;-1.28;0.82;-0.01;0.01;0.57;-0.41;1.88;68.92;
-0.49;0.04;9.97;0.02;-0.01;0.00;-0.07;1.03;-1.25;0.82;-0.01;0.01;0.57;-0.40;1.88;68.92;
-0.13;-0.17;9.20;-0.02;0.01;0.00;-0.08;1.03;-1.22;0.82;-0.01;0.01;0.57;-0.41;1.89;68.92;
-0.55;-0.16;10.18;0.01;-0.00;-0.00;-0.06;1.01;-1.18;0.82;-0.01;0.01;0.57;-0.41;1.88;68.92;
-0.35;0.11;9.95;0.01;-0.00;0.00;-0.10;1.03;-1.26;0.82;-0.01;0.01;0.57;-0.40;1.88;68.92;
-0.18;-0.23;9.33;-0.02;0.01;0.00;-0.04;1.01;-1.20;0.82;-0.01;0.01;0.57;-0.41;1.89;68.92;
-0.51;0.03;10.26;0.01;-0.00;0.00;-0.10;1.03;-1.22;0.82;-0.01;0.01;0.57;-0.41;1.88;68.92;
-0.24;0.03;9.99;0.01;-0.00;0.00;-0.04;0.99;-1.13;0.82;-0.01;0.01;0.57;-0.41;1.88;68.92;
-0.22;-0.24;9.29;-0.01;0.01;0.00;-0.10;1.04;-1.21;0.82;-0.01;0.01;0.57;-0.41;1.89;68.92;
-0.49;0.01;10.26;0.01;-0.01;0.00;-0.05;1.00;-1.14;0.82;-0.01;0.01;0.57;-0.40;1.88;68.92;
-0.23;-0.10;9.77;0.00;-0.00;0.00;-0.12;1.04;-1.20;0.82;-0.01;0.01;0.57;-0.40;1.88;68.92;
-0.27;-0.24;9.16;-0.01;0.01;0.00;-0.04;1.02;-1.14;0.82;-0.01;0.01;0.57;-0.41;1.88;68.92;
-0.51;-0.06;10.37;0.01;-0.00;0.00;-0.12;1.05;-1.16;0.82;-0.01;0.01;0.57;-0.40;1.88;68.92;
-0.21;-0.14;9.37;0.00;-0.00;-0.00;-0.06;1.02;-1.12;0.82;-0.01;0.01;0.57;-0.40;1.88;68.92;
-0.32;-0.22;9.36;-0.01;0.01;0.00;-0.12;1.08;-1.16;0.82;-0.01;0.01;0.57;-0.41;1.88;68.92;
-0.45;0.01;10.55;0.01;-0.01;-0.00;-0.09;1.03;-1.16;0.82;-0.01;0.01;0.57;-0.40;1.88;68.92;
-0.17;-0.12;9.03;-0.01;0.01;-0.00;-0.12;1.06;-1.14;0.82;-0.01;0.01;0.57;-0.41;1.88;68.92;
-0.42;-0.13;9.97;-0.01;0.00;-0.00;-0.10;1.05;-1.19;0.82;-0.01;0.01;0.57;-0.41;1.89;68.92;
-0.38;0.09;10.42;0.02;-0.01;-0.00;-0.11;1.07;-1.13;0.82;-0.01;0.01;0.57;-0.40;1.88;68.92;
-0.10;-0.12;9.04;-0.02;0.01;0.00;-0.12;1.07;-1.15;0.82;-0.01;0.01;0.57;-0.41;1.88;68.92;
-0.43;-0.18;10.22;0.00;0.00;0.00;-0.09;1.08;-1.16;0.82;-0.01;0.01;0.57;-0.41;1.88;68.92;
-0.38;0.21;10.14;0.02;-0.02;0.00;-0.15;1.10;-1.20;0.82;-0.01;0.01;0.57;-0.40;1.87;68.92;
-0.16;-0.24;9.22;-0.02;0.01;0.00;-0.09;1.05;-1.16;0.82;-0.01;0.01;0.57;-0.41;1.88;68.92;
-0.57;-0.16;10.16;0.01;-0.01;-0.00;-0.14;1.09;-1.22;0.82;-0.01;0.01;0.57;-0.40;1.88;68.92;
-0.19;0.07;9.75;0.00;-0.00;-0.00;-0.08;1.06;-1.23;0.82;-0.01;0.01;0.57;-0.40;1.88;68.91;
-0.24;-0.35;9.25;-0.01;0.01;-0.00;-0.15;1.08;-1.23;0.82;-0.01;0.01;0.57;-0.41;1.88;68.91;
-0.48;-0.05;10.12;0.01;0.00;-0.00;-0.08;1.03;-1.21;0.82;-0.01;0.01;0.57;-0.40;1.88;68.91;
-0.32;-0.11;9.62;-0.00;0.00;-0.00;-0.14;1.08;-1.26;0.82;-0.01;0.01;0.57;-0.40;1.88;68.91;
-0.31;-0.29;9.21;-0.01;0.01;-0.00;-0.07;1.04;-1.21;0.82;-0.01;0.01;0.57;-0.41;1.88;68.91;
-0.56;0.05;10.50;0.01;0.00;-0.00;-0.14;1.08;-1.24;0.82;-0.01;0.01;0.57;-0.41;1.88;68.91;
-0.20;-0.09;9.41;-0.00;0.00;-0.00;-0.08;1.04;-1.27;0.82;-0.01;0.01;0.57;-0.41;1.88;68.91;
-0.31;-0.13;9.46;-0.01;0.00;0.00;-0.13;1.07;-1.25;0.82;-0.01;0.01;0.57;-0.41;1.88;68.91;
-0.46;0.06;10.73;0.01;-0.00;0.01;-0.08;1.04;-1.24;0.82;-0.01;0.01;0.57;-0.41;1.88;68.91;
-0.24;-0.03;9.23;-0.00;-0.00;0.00;-0.11;1.05;-1.21;0.82;-0.01;0.01;0.57;-0.41;1.88;68.91;
-0.33;-0.14;9.89;-0.01;0.00;0.00;-0.09;1.03;-1.22;0.82;-0.01;0.01;0.57;-0.41;1.88;68.91;
-0.39;0.10;10.50;0.02;-0.01;0.00;-0.09;1.04;-1.20;0.82;-0.01;0.01;0.57;-0.40;1.87;68.92;
-0.04;-0.15;8.93;-0.02;0.01;0.00;-0.09;1.05;-1.25;0.82;-0.01;0.01;0.57;-0.41;1.88;68.92;
-0.36;-0.20;10.12;0.01;-0.00;0.00;-0.08;1.05;-1.21;0.82;-0.01;0.01;0.57;-0.41;1.88;68.92;
-0.32;0.01;9.95;0.02;-0.00;-0.00;-0.09;1.04;-1.28;0.82;-0.01;0.01;0.57;-0.40;1.88;68.91;
-0.18;-0.25;8.98;-0.02;0.01;-0.00;-0.07;1.03;-1.21;0.82;-0.01;0.01;0.57;-0.41;1.88;68.91;
-0.47;-0.21;10.18;0.01;-0.01;-0.01;-0.10;1.06;-1.22;0.82;-0.01;0.01;0.57;-0.41;1.88;68.91;
-0.31;0.04;9.61;0.00;-0.00;-0.00;-0.05;1.03;-1.20;0.82;-0.01;0.01;0.57;-0.40;1.87;68.91;
-0.17;-0.26;9.53;-0.02;0.01;-0.00;-0.12;1.09;-1.29;0.82;-0.01;0.01;0.57;-0.42;1.88;68.91;
-0.57;-0.09;10.11;0.02;-0.01;-0.00;-0.05;1.04;-1.22;0.82;-0.01;0.01;0.57;-0.40;1.88;68.91;
-0.25;0.07;9.72;-0.01;0.00;0.00;-0.12;1.09;-1.22;0.82;-0.01;0.01;0.57;-0.41;1.88;68.91;
-0.34;-0.24;9.69;-0.00;-0.00;-0.00;-0.06;1.04;-1.19;0.82;-0.01;0.01;0.57;-0.41;1.87;68.90;
-0.52;0.11;10.21;0.01;-0.01;-0.00;-0.12;1.08;-1.20;0.82;-0.01;0.01;0.57;-0.41;1.87;68.90;
-0.25;-0.02;9.86;-0.00;0.01;0.00;-0.08;1.04;-1.26;0.82;-0.01;0.01;0.57;-0.41;1.87;68.90;
-0.37;-0.22;9.43;-0.00;0.01;0.00;-0.11;1.07;-1.29;0.82;-0.01;0.01;0.57;-0.41;1.88;68.90;
-0.42;0.08;10.29;0.01;-0.01;0.00;-0.09;1.05;-1.27;0.82;-0.01;0.01;0.57;-0.41;1.87;68.91;
-0.18;-0.19;9.49;0.00;0.00;0.00;-0.10;1.05;-1.23;0.82;-0.01;0.01;0.57;-0.41;1.87;68.91;
-0.42;-0.23;9.31;-0.00;-0.00;0.00;-0.12;1.06;-1.27;0.82;-0.01;0.01;0.57;-0.41;1.87;68.91;
-0.34;-0.03;10.39;0.01;0.00;0.00;-0.09;1.03;-1.28;0.82;-0.01;0.01;0.57;-0.40;1.87;68.91;
-0.23;-0.22;8.95;-0.00;0.01;-0.00;-0.13;1.04;-1.30;0.82;-0.01;0.01;0.57;-0.41;1.88;68.91;
-0.43;-0.15;9.84;-0.01;0.01;-0.00;-0.08;1.02;-1.28;0.82;-0.01;0.01;0.57;-0.41;1.88;68.91;
-0.25;-0.02;10.25;0.02;-0.01;-0.00;-0.13;1.05;-1.30;0.82;-0.01;0.01;0.57;-0.40;1.88;68.90;
-0.15;-0.14;9.00;-0.02;0.00;0.00;-0.07;1.00;-1.20;0.82;-0.01;0.01;0.57;-0.41;1.88;68.90;
-0.41;-0.10;10.43;0.00;-0.01;0.00;-0.14;1.05;-1.29;0.82;-0.01;0.01;0.57;-0.41;1.87;68.91;
-0.30;0.07;9.94;0.01;-0.01;0.00;-0.07;1.01;-1.20;0.82;-0.01;0.01;0.57;-0.41;1.87;68.91;
-0.24;-0.14;9.26;-0.02;0.01;0.00;-0.14;1.04;-1.24;0.82;-0.01;0.01;0.57;-0.42;1.88;68.91;
-0.51;-0.06;10.70;0.02;-0.01;-0.00;-0.06;1.02;-1.23;0.82;-0.01;0.01;0.57;-0.41;1.87;68.90;
-0.24;0.08;9.44;0.00;-0.01;-0.00;-0.12;1.05;-1.21;0.82;-0.01;0.01;0.57;-0.40;1.87;68.90;
-0.18;-0.27;9.49;-0.02;0.01;0.00;-0.08;1.03;-1.22;0.82;-0.01;0.01;0.57;-0.42;1.87;68.90;
-0.55;-0.02;10.36;0.02;-0.01;0.00;-0.09;1.03;-1.14;0.82;-0.01;0.01;0.57;-0.40;1.87;68.90;
-0.23;-0.09;9.21;-0.01;0.01;0.00;-0.09;1.03;-1.22;0.82;-0.01;0.01;0.57;-0.41;1.87;68.90;
-0.31;-0.38;9.54;-0.01;0.01;-0.00;-0.08;1.02;-1.18;0.82;-0.01;0.01;0.57;-0.41;1.88;68.90;
-0.50;0.04;10.17;0.02;-0.01;-0.00;-0.09;1.04;-1.20;0.82;-0.01;0.01;0.57;-0.40;1.87;68.90;
-0.11;-0.15;9.19;-0.01;0.01;-0.00;-0.06;1.02;-1.18;0.82;-0.01;0.01;0.57;-0.41;1.88;68.90;
-0.36;-0.24;9.69;-0.01;0.00;0.00;-0.11;1.06;-1.22;0.82;-0.01;0.01;0.57;-0.41;1.88;68.90;
-0.47;0.12;10.33;0.01;-0.01;0.00;-0.04;1.01;-1.15;0.82;-0.01;0.01;0.57;-0.41;1.87;68.90;
-0.22;-0.13;9.35;-0.01;0.01;-0.00;-0.10;1.06;-1.21;0.82;-0.01;0.01;0.57;-0.41;1.87;68.90;
-0.43;-0.09;10.02;0.00;-0.00;-0.00;-0.04;1.03;-1.16;0.82;-0.01;0.01;0.57;-0.41;1.87;68.90;
-0.35;0.10;10.38;0.01;-0.01;-0.00;-0.10;1.07;-1.21;0.82;-0.01;0.01;0.57;-0.41;1.87;68.90;
-0.20;-0.12;9.14;-0.01;0.00;0.00;-0.05;1.03;-1.15;0.82;-0.01;0.01;0.57;-0.41;1.87;68.90;
-0.47;-0.04;10.28;-0.00;0.01;0.00;-0.11;1.08;-1.21;0.82;-0.01;0.01;0.57;-0.41;1.87;68.90;
-0.35;-0.03;9.96;0.02;-0.01;-0.00;-0.04;1.04;-1.19;0.82;-0.01;0.01;0.57;-0.40;1.87;68.90;
-0.25;-0.18;9.12;-0.02;0.02;-0.00;-0.11;1.06;-1.19;0.82;-0.01;0.01;0.57;-0.41;1.88;68.90;
-0.54;-0.19;10.30;0.01;-0.01;-0.00;-0.05;1.03;-1.25;0.82;-0.01;0.01;0.57;-0.40;1.88;68.90;
-0.19;-0.06;9.30;0.00;-0.00;-0.00;-0.10;1.06;-1.22;0.82;-0.01;0.01;0.57;-0.40;1.88;68.89;
-0.27;-0.25;9.33;-0.02;0.02;0.00;-0.07;1.04;-1.21;0.82;-0.01;0.01;0.57;-0.42;1.88;68.89;
-0.52;-0.18;10.41;0.02;-0.00;0.00;-0.09;1.05;-1.22;0.82;-0.01;0.01;0.57;-0.40;1.88;68.90;
-0.13;0.03;9.04;-0.01;-0.00;0.00;-0.07;1.04;-1.22;0.82;-0.01;0.01;0.57;-0.41;1.88;68.90;
-0.29;-0.22;9.91;-0.02;0.01;0.00;-0.07;1.02;-1.24;0.82;-0.01;0.01;0.57;-0.42;1.88;68.90;
-0.47;0.04;10.31;0.02;-0.02;0.00;-0.09;1.03;-1.24;0.82;-0.01;0.01;0.57;-0.40;1.87;68.90;
-0.03;0.03;9.29;-0.02;0.01;0.00;-0.05;1.02;-1.16;0.82;-0.01;0.01;0.57;-0.41;1.87;68.90;
-0.40;-0.21;10.14;-0.00;0.00;0.00;-0.10;1.03;-1.22;0.82;-0.01;0.01;0.57;-0.42;1.88;68.90;
-0.49;0.18;10.13;0.02;-0.01;-0.00;-0.04;1.02;-1.18;0.82;-0.01;0.01;0.57;-0.40;1.87;68.90;
-0.04;-0.12;9.39;-0.01;0.00;-0.00;-0.11;1.06;-1.22;0.82;-0.01;0.01;0.57;-0.41;1.87;68.90;
-0.48;-0.13;10.07;0.01;0.00;-0.00;-0.05;1.01;-1.16;0.82;-0.01;0.01;0.57;-0.41;1.87;68.89;
-0.32;0.02;9.92;0.01;-0.00;-0.00;-0.12;1.06;-1.24;0.82;-0.01;0.01;0.57;-0.40;1.87;68.89;
-0.22;-0.24;9.28;-0.01;0.01;-0.00;-0.05;1.03;-1.18;0.82;-0.01;0.01;0.57;-0.41;1.88;68.89;
-0.51;-0.12;9.96;0.00;0.00;-0.00;-0.13;1.07;-1.21;0.82;-0.01;0.01;0.57;-0.41;1.88;68.89;
-0.37;-0.12;9.82;0.01;-0.00;-0.00;-0.06;1.04;-1.19;0.82;-0.01;0.01;0.57;-0.40;1.88;68.89;
-0.23;-0.24;9.03;-0.01;0.00;0.00;-0.12;1.07;-1.19;0.82;-0.01;0.01;0.57;-0.41;1.88;68.89;
-0.47;-0.09;10.26;0.00;-0.00;0.00;-0.09;1.04;-1.20;0.82;-0.01;0.01;0.57;-0.41;1.87;68.89;
-0.30;-0.07;9.70;0.01;-0.01;0.00;-0.10;1.06;-1.20;0.82;-0.01;0.01;0.57;-0.40;1.87;68.89;
-0.24;-0.17;9.27;-0.02;0.01;0.01;-0.10;1.07;-1.22;0.82;-0.01;0.01;0.57;-0.42;1.87;68.89;
-0.58;0.04;10.74;0.01;-0.00;0.00;-0.09;1.05;-1.19;0.82;-0.01;0.01;0.57;-0.41;1.87;68.89;
-0.23;-0.00;9.37;0.00;-0.00;-0.00;-0.12;1.09;-1.25;0.82;-0.01;0.01;0.57;-0.41;1.87;68.89;
-0.17;-0.13;9.58;-0.02;0.01;-0.00;-0.06;1.05;-1.22;0.82;-0.01;0.01;0.57;-0.42;1.88;68.89;
-0.44;0.05;10.71;0.02;-0.01;0.00;-0.13;1.09;-1.30;0.82;-0.01;0.01;0.57;-0.40;1.87;68.89;
-0.19;0.02;9.30;-0.01;0.01;0.00;-0.06;1.05;-1.22;0.82;-0.01;0.01;0.57;-0.41;1.88;68.89;
-0.42;-0.29;9.73;0.00;0.00;-0.00;-0.13;1.09;-1.25;0.82;-0.01;0.01;0.57;-0.41;1.88;68.89;
-0.40;0.05;10.13;0.02;-0.00;-0.00;-0.06;1.05;-1.24;0.82;-0.01;0.01;0.57;-0.40;1.88;68.88;
-0.17;-0.19;9.15;-0.01;0.01;-0.00;-0.11;1.07;-1.27;0.82;-0.01;0.01;0.57;-0.41;1.88;68.88;
-0.33;-0.33;9.60;0.00;-0.01;0.00;-0.08;1.04;-1.31;0.82;-0.01;0.01;0.57;-0.41;1.88;68.88;
-0.39;0.03;10.13;0.01;-0.01;0.00;-0.10;1.05;-1.26;0.82;-0.01;0.01;0.57;-0.40;1.87;68.89;
-0.27;-0.26;9.19;-0.01;0.01;0.00;-0.08;1.04;-1.26;0.82;-0.01;0.01;0.57;-0.41;1.87;68.89;
-0.56;-0.09;9.90;0.01;-0.01;-0.00;-0.07;1.02;-1.19;0.82;-0.01;0.01;0.57;-0.41;1.87;68.88;
-0.20;0.05;10.22;0.00;-0.00;-0.00;-0.10;1.02;-1.26;0.82;-0.01;0.01;0.57;-0.40;1.87;68.88;
-0.25;-0.18;9.25;-0.01;0.01;0.00;-0.05;1.00;-1.21;0.82;-0.01;0.01;0.57;-0.41;1.87;68.88;
-0.41;-0.00;10.30;0.00;-0.00;0.00;-0.10;1.04;-1.27;0.82;-0.01;0.01;0.57;-0.41;1.87;68.88;
-0.30;0.02;10.07;0.01;0.00;0.00;-0.04;0.99;-1.16;0.82;-0.01;0.01;0.57;-0.41;1.87;68.88;
-0.29;-0.12;9.21;-0.02;0.01;-0.00;-0.11;1.04;-1.24;0.82;-0.01;0.01;0.57;-0.41;1.88;68.88;
-0.49;-0.08;10.45;0.02;-0.01;-0.00;-0.04;1.00;-1.23;0.82;-0.01;0.01;0.57;-0.41;1.87;68.88;
-0.17;0.01;9.52;0.00;0.00;0.00;-0.11;1.04;-1.21;0.82;-0.01;0.01;0.57;-0.40;1.87;68.88;
-0.24;-0.30;9.33;-0.02;0.01;0.00;-0.04;1.00;-1.12;0.82;-0.01;0.01;0.57;-0.41;1.88;68.88;
-0.48;-0.14;10.27;0.02;-0.01;0.00;-0.11;1.05;-1.15;0.82;-0.01;0.01;0.57;-0.40;1.87;68.88;
-0.20;0.05;9.32;-0.01;-0.00;0.00;-0.06;1.01;-1.13;0.82;-0.01;0.01;0.57;-0.41;1.87;68.88;
-0.29;-0.37;9.53;-0.01;0.01;-0.00;-0.10;1.03;-1.12;0.82;-0.01;0.01;0.57;-0.41;1.87;68.88;
-0.51;0.03;10.15;0.02;-0.02;-0.00;-0.08;1.04;-1.15;0.82;-0.01;0.01;0.57;-0.40;1.86;68.88;
-0.07;-0.04;9.40;-0.02;0.01;0.00;-0.09;1.04;-1.10;0.82;-0.01;0.01;0.57;-0.41;1.87;68.88;
-0.48;-0.31;9.82;0.00;0.00;-0.00;-0.10;1.04;-1.20;0.82;-0.01;0.01;0.57;-0.41;1.87;68.88;
-0.44;0.17;10.18;0.01;-0.00;-0.00;-0.10;1.05;-1.14;0.82;-0.01;0.01;0.57;-0.41;1.86;68.88;
-0.20;-0.09;9.57;-0.01;0.01;-0.01;-0.12;1.06;-1.21;0.82;-0.01;0.01;0.57;-0.42;1.87;68.88;
-0.45;-0.11;9.93;0.00;0.00;-0.00;-0.08;1.04;-1.11;0.82;-0.01;0.01;0.57;-0.41;1.87;68.87;
-0.35;0.07;10.17;0.01;-0.00;-0.00;-0.14;1.07;-1.15;0.82;-0.01;0.01;0.57;-0.41;1.87;68.87;
-0.24;-0.21;9.37;-0.01;0.01;0.00;-0.08;1.06;-1.15;0.82;-0.01;0.01;0.57;-0.41;1.87;68.87;
-0.50;-0.09;9.96;0.00;-0.00;0.00;-0.15;1.11;-1.23;0.82;-0.01;0.01;0.57;-0.41;1.87;68.87;
-0.38;-0.07;9.90;0.01;-0.00;0.00;-0.08;1.07;-1.19;0.82;-0.01;0.01;0.57;-0.41;1.87;68.87;
-0.22;-0.21;9.09;-0.01;0.01;0.00;-0.15;1.11;-1.23;0.82;-0.01;0.01;0.57;-0.41;1.87;68.87;
-0.42;-0.16;10.05;0.00;-0.00;0.00;-0.08;1.05;-1.23;0.82;-0.01;0.01;0.57;-0.41;1.87;68.87;
-0.21;-0.10;9.66;0.01;-0.01;0.00;-0.15;1.10;-1.22;0.82;-0.01;0.01;0.57;-0.40;1.87;68.88;
-0.20;-0.21;9.16;-0.02;0.01;0.00;-0.08;1.05;-1.21;0.82;-0.01;0.01;0.57;-0.42;1.87;68.88;
-0.53;-0.05;10.45;0.01;-0.01;-0.00;-0.13;1.07;-1.23;0.82;-0.01;0.01;0.57;-0.41;1.87;68.88;
-0.17;-0.02;9.37;-0.00;0.00;-0.00;-0.10;1.04;-1.21;0.82;-0.01;0.01;0.57;-0.41;1.87;68.87;
-0.31;-0.11;9.73;-0.02;0.01;-0.00;-0.12;1.05;-1.27;0.82;-0.01;0.01;0.57;-0.42;1.87;68.87;
-0.46;0.03;10.56;0.02;-0.01;-0.00;-0.11;1.06;-1.26;0.82;-0.01;0.01;0.57;-0.41;1.87;68.87;
-0.13;-0.00;9.34;-0.01;0.01;-0.00;-0.11;1.05;-1.22;0.82;-0.01;0.01;0.57;-0.42;1.87;68.87;
-0.41;-0.21;10.01;-0.00;0.01;-0.00;-0.12;1.06;-1.28;0.82;-0.01;0.01;0.57;-0.42;1.88;68.87;
-0.48;0.14;10.16;0.02;-0.01;-0.00;-0.08;1.03;-1.23;0.82;-0.01;0.01;0.57;-0.41;1.87;68.87;
-0.17;-0.16;9.27;-0.02;0.01;0.00;-0.13;1.07;-1.28;0.82;-0.01;0.01;0.57;-0.41;1.88;68.87;
-0.49;-0.23;9.95;0.01;-0.00;0.00;-0.05;1.02;-1.18;0.82;-0.01;0.01;0.57;-0.41;1.88;68.87;
-0.29;-0.01;9.79;0.01;-0.01;0.00;-0.12;1.05;-1.25;0.82;-0.01;0.01;0.57;-0.40;1.87;68.87;
-0.17;-0.32;9.20;-0.01;0.01;0.00;-0.06;1.02;-1.21;0.82;-0.01;0.01;0.57;-0.41;1.88;68.87;
-0.54;-0.11;9.92;0.01;-0.00;0.00;-0.11;1.06;-1.26;0.82;-0.01;0.01;0.57;-0.41;1.87;68.87;
-0.27;-0.05;9.80;0.01;-0.01;0.00;-0.05;1.02;-1.22;0.82;-0.01;0.01;0.57;-0.41;1.87;68.87;
-0.28;-0.20;9.30;-0.02;0.01;-0.00;-0.10;1.06;-1.21;0.82;-0.01;0.01;0.57;-0.41;1.88;68.87;
-0.47;-0.11;10.20;0.00;-0.00;0.00;-0.06;1.03;-1.23;0.82;-0.01;0.01;0.57;-0.41;1.87;68.87;
-0.17;0.05;9.79;0.00;-0.00;-0.00;-0.09;1.06;-1.19;0.82;-0.01;0.01;0.57;-0.41;1.87;68.87;
-0.24;-0.16;9.49;-0.02;0.01;0.00;-0.09;1.05;-1.22;0.82;-0.01;0.01;0.57;-0.42;1.87;68.87;
-0.51;0.04;10.45;0.01;-0.01;-0.00;-0.08;1.05;-1.17;0.82;-0.01;0.01;0.57;-0.41;1.87;68.87;
-0.22;0.09;9.78;-0.00;0.01;-0.00;-0.11;1.07;-1.20;0.82;-0.01;0.01;0.57;-0.41;1.87;68.87;
-0.34;-0.25;9.49;-0.00;0.00;-0.00;-0.07;1.05;-1.24;0.82;-0.01;0.01;0.57;-0.42;1.88;68.87;
-0.37;0.06;10.32;0.01;-0.00;0.00;-0.11;1.09;-1.31;0.82;-0.01;0.01;0.57;-0.41;1.88;68.87;
-0.28;-0.11;9.44;-0.00;0.00;-0.00;-0.07;1.04;-1.22;0.82;-0.01;0.01;0.57;-0.41;1.88;68.86;
-0.28;-0.28;9.37;-0.00;0.01;0.00;-0.13;1.08;-1.28;0.82;-0.01;0.01;0.57;-0.41;1.88;68.87;
-0.51;0.02;10.36;0.02;-0.01;-0.00;-0.06;1.03;-1.24;0.82;-0.01;0.01;0.57;-0.41;1.87;68.86;
-0.14;-0.27;8.99;-0.01;0.00;0.00;-0.14;1.06;-1.32;0.82;-0.01;0.01;0.57;-0.41;1.87;68.87;
-0.43;-0.25;9.65;-0.01;0.01;0.00;-0.07;1.02;-1.25;0.82;-0.01;0.01;0.57;-0.41;1.88;68.87;
-0.32;0.08;10.37;0.01;-0.01;-0.00;-0.13;1.06;-1.29;0.82;-0.01;0.01;0.57;-0.41;1.87;68.87;
-0.17;-0.18;9.10;-0.01;0.01;0.00;-0.08;1.01;-1.26;0.82;-0.01;0.01;0.57;-0.42;1.87;68.87;
-0.45;-0.15;9.98;-0.00;0.01;0.00;-0.14;1.06;-1.27;0.82;-0.01;0.01;0.57;-0.42;1.88;68.87;
-0.40;0.15;10.27;0.01;-0.01;-0.00;-0.08;1.02;-1.25;0.82;-0.01;0.01;0.57;-0.41;1.87;68.86;
-0.12;-0.19;9.26;-0.02;0.02;0.00;-0.13;1.05;-1.27;0.82;-0.01;0.01;0.57;-0.42;1.88;68.86;
-0.53;0.01;10.38;0.01;-0.01;-0.00;-0.10;1.02;-1.25;0.82;-0.01;0.01;0.57;-0.42;1.88;68.86;
-0.23;0.09;9.85;0.00;-0.00;0.00;-0.11;1.03;-1.21;0.82;-0.01;0.01;0.57;-0.42;1.88;68.86;
-0.29;-0.20;9.35;-0.01;0.01;0.00;-0.11;1.03;-1.24;0.82;-0.01;0.01;0.57;-0.42;1.88;68.86;
-0.51;-0.01;10.36;0.01;-0.00;0.00;-0.08;1.01;-1.19;0.82;-0.01;0.01;0.57;-0.41;1.88;68.86;
-0.24;-0.03;9.61;0.00;-0.00;-0.00;-0.11;1.03;-1.20;0.82;-0.01;0.01;0.57;-0.41;1.87;68.86;
-0.26;-0.32;9.22;-0.01;0.01;-0.00;-0.06;1.02;-1.17;0.82;-0.01;0.01;0.57;-0.42;1.88;68.86;
-0.57;-0.01;10.27;0.02;-0.01;0.00;-0.12;1.05;-1.24;0.82;-0.01;0.01;0.57;-0.41;1.87;68.86;
-0.09;-0.17;9.24;-0.01;0.01;-0.00;-0.05;1.00;-1.18;0.82;-0.01;0.01;0.57;-0.42;1.87;68.86;
-0.42;-0.24;9.53;-0.01;0.00;0.00;-0.12;1.06;-1.21;0.82;-0.01;0.01;0.57;-0.42;1.87;68.86;
-0.41;0.01;10.47;0.01;-0.01;0.00;-0.05;1.01;-1.17;0.82;-0.01;0.01;0.57;-0.41;1.87;68.86;
-0.24;-0.11;9.18;-0.01;0.01;0.00;-0.11;1.04;-1.20;0.82;-0.01;0.01;0.57;-0.42;1.87;68.86;
-0.38;-0.17;9.79;-0.01;0.01;0.00;-0.05;1.01;-1.20;0.82;-0.01;0.01;0.57;-0.42;1.88;68.86;
-0.35;0.09;10.52;0.01;-0.01;-0.00;-0.09;1.06;-1.17;0.82;-0.01;0.01;0.57;-0.42;1.88;68.86;
-0.09;-0.09;9.17;-0.02;0.02;-0.00;-0.06;1.04;-1.19;0.82;-0.01;0.01;0.57;-0.42;1.88;68.86;
-0.44;-0.11;10.22;0.01;-0.01;0.00;-0.08;1.05;-1.22;0.82;-0.01;0.01;0.57;-0.42;1.88;68.86;
-0.31;0.04;10.10;0.01;0.00;-0.00;-0.07;1.06;-1.24;0.82;-0.01;0.01;0.57;-0.41;1.88;68.86;
-0.22;-0.12;9.17;-0.01;0.01;0.00;-0.07;1.07;-1.19;0.82;-0.01;0.01;0.57;-0.42;1.88;68.86;
-0.41;-0.19;10.18;0.01;-0.00;-0.00;-0.09;1.06;-1.20;0.82;-0.01;0.01;0.57;-0.42;1.88;68.86;
-0.33;0.08;9.74;0.01;-0.01;-0.00;-0.05;1.03;-1.18;0.82;-0.01;0.01;0.57;-0.41;1.87;68.86;
-0.21;-0.30;9.29;-0.02;0.01;0.00;-0.11;1.06;-1.25;0.82;-0.01;0.01;0.57;-0.42;1.88;68.86;
-0.53;-0.15;10.08;0.02;-0.01;-0.00;-0.04;1.01;-1.19;0.82;-0.01;0.01;0.57;-0.41;1.87;68.86;
-0.23;0.01;9.45;-0.01;0.00;0.00;-0.11;1.07;-1.26;0.82;-0.01;0.01;0.57;-0.42;1.88;68.86;
-0.33;-0.29;9.53;-0.01;0.01;-0.00;-0.04;1.01;-1.21;0.82;-0.01;0.01;0.57;-0.42;1.88;68.85;
-0.56;-0.02;10.18;0.01;-0.01;-0.00;-0.11;1.06;-1.25;0.82;-0.01;0.01;0.57;-0.41;1.88;68.85;
-0.16;-0.06;9.49;-0.01;0.00;-0.00;-0.04;1.02;-1.21;0.82;-0.01;0.01;0.57;-0.42;1.88;68.85;
-0.34;-0.21;9.74;-0.01;0.01;-0.00;-0.10;1.07;-1.24;0.82;-0.01;0.01;0.57;-0.43;1.89;68.85;
-0.54;0.14;10.40;0.01;-0.01;0.00;-0.05;1.03;-1.22;0.82;-0.01;0.01;0.57;-0.42;1.88;68.85;
-0.17;-0.06;9.47;-0.01;0.01;-0.00;-0.08;1.04;-1.21;0.82;-0.01;0.01;0.57;-0.42;1.89;68.85;
-0.43;-0.16;9.79;0.00;0.00;0.00;-0.08;1.03;-1.23;0.82;-0.01;0.01;0.57;-0.42;1.89;68.85;
-0.33;0.01;10.34;0.01;-0.01;0.00;-0.06;1.02;-1.19;0.82;-0.01;0.01;0.57;-0.42;1.88;68.85;
-0.21;-0.14;9.20;-0.01;-0.00;0.00;-0.09;1.04;-1.21;0.82;-0.01;0.01;0.57;-0.42;1.88;68.86;
-0.35;-0.17;9.90;-0.00;0.00;0.00;-0.05;1.03;-1.16;0.82;-0.01;0.01;0.57;-0.42;1.88;68.86;
-0.33;-0.01;9.99;0.01;-0.01;-0.00;-0.11;1.06;-1.20;0.82;-0.01;0.01;0.57;-0.41;1.88;68.86;
-0.15;-0.20;9.04;-0.02;0.01;0.00;-0.05;1.02;-1.16;0.82;-0.01;0.01;0.57;-0.42;1.88;68.86;
-0.44;-0.23;10.13;0.01;-0.00;-0.00;-0.13;1.07;-1.20;0.82;-0.01;0.01;0.57;-0.42;1.88;68.85;
-0.33;0.03;9.77;0.01;0.00;-0.00;-0.06;1.03;-1.17;0.82;-0.01;0.01;0.57;-0.41;1.88;68.85;
-0.24;-0.21;9.29;-0.02;0.01;-0.00;-0.12;1.08;-1.18;0.82;-0.01;0.01;0.57;-0.42;1.88;68.85;
-0.47;-0.08;10.27;0.01;0.00;-0.00;-0.09;1.05;-1.21;0.82;-0.01;0.01;0.57;-0.42;1.88;68.85;
-0.27;0.11;9.68;-0.00;-0.00;-0.00;-0.09;1.05;-1.17;0.82;-0.01;0.01;0.57;-0.42;1.88;68.85;
-0.24;-0.25;9.56;-0.02;0.01;-0.00;-0.11;1.07;-1.22;0.82;-0.01;0.01;0.57;-0.43;1.88;68.84;
-0.53;0.09;10.38;0.02;-0.01;0.00;-0.08;1.04;-1.17;0.82;-0.01;0.01;0.57;-0.42;1.88;68.84;
-0.17;-0.02;9.67;-0.01;0.00;0.00;-0.12;1.08;-1.21;0.82;-0.01;0.01;0.57;-0.42;1.88;68.85;
-0.41;-0.22;9.57;-0.00;-0.00;0.00;-0.06;1.04;-1.17;0.82;-0.01;0.01;0.57;-0.42;1.88;68.85;
-0.46;0.05;10.26;0.01;-0.01;0.00;-0.14;1.10;-1.29;0.82;-0.01;0.01;0.57;-0.41;1.87;68.85;
-0.21;-0.09;9.56;-0.00;0.01;-0.00;-0.07;1.05;-1.24;0.82;-0.01;0.01;0.57;-0.42;1.88;68.85;
-0.33;-0.28;9.43;-0.01;0.01;-0.00;-0.13;1.08;-1.23;0.82;-0.01;0.01;0.57;-0.42;1.88;68.85;
-0.40;-0.07;10.12;0.01;-0.01;0.00;-0.07;1.02;-1.21;0.82;-0.01;0.01;0.57;-0.41;1.87;68.85;
-0.11;-0.10;9.27;-0.01;0.01;0.00;-0.11;1.07;-1.25;0.82;-0.01;0.01;0.57;-0.42;1.88;68.85;
-0.47;-0.29;9.71;-0.00;0.00;0.00;-0.08;1.06;-1.30;0.82;-0.01;0.01;0.57;-0.42;1.88;68.85;
-0.33;0.02;10.08;0.01;-0.01;-0.00;-0.09;1.04;-1.23;0.82;-0.01;0.01;0.57;-0.41;1.87;68.84;
-0.20;-0.12;9.36;-0.02;0.01;-0.00;-0.08;1.03;-1.22;0.82;-0.01;0.01;0.57;-0.42;1.88;68.84;
-0.45;-0.18;9.96;0.00;0.00;0.00;-0.07;1.02;-1.22;0.82;-0.01;0.01;0.57;-0.42;1.88;68.84;
-0.37;0.15;9.99;0.01;-0.01;-0.00;-0.09;1.04;-1.28;0.82;-0.01;0.01;0.57;-0.42;1.87;68.84;
-0.20;-0.18;9.59;-0.02;0.01;0.00;-0.05;1.01;-1.18;0.82;-0.01;0.01;0.57;-0.43;1.88;68.84;
-0.55;-0.07;10.14;0.01;-0.01;0.00;-0.10;1.02;-1.25;0.82;-0.01;0.01;0.57;-0.42;1.87;68.84;
-0.26;0.08;9.76;-0.00;0.00;0.00;-0.04;1.01;-1.18;0.82;-0.01;0.01;0.57;-0.42;1.87;68.84;
-0.26;-0.24;9.66;-0.01;0.01;0.00;-0.10;1.04;-1.24;0.82;-0.01;0.01;0.57;-0.42;1.88;68.84;
-0.52;-0.01;10.09;0.02;-0.00;0.00;-0.04;0.99;-1.17;0.82;-0.01;0.01;0.57;-0.42;1.88;68.84;
-0.23;-0.07;9.65;-0.00;-0.00;0.00;-0.12;1.05;-1.25;0.82;-0.01;0.01;0.57;-0.42;1.87;68.84;
-0.27;-0.28;9.35;-0.00;0.01;0.00;-0.03;0.99;-1.13;0.82;-0.01;0.01;0.57;-0.42;1.88;68.84;
-0.46;-0.04;10.16;0.01;-0.00;0.00;-0.11;1.04;-1.16;0.82;-0.01;0.01;0.57;-0.41;1.88;68.84;
-0.16;-0.13;9.54;-0.00;0.00;-0.00;-0.05;1.01;-1.17;0.82;-0.01;0.01;0.57;-0.42;1.88;68.84;
-0.29;-0.22;9.36;-0.01;0.00;0.00;-0.12;1.08;-1.15;0.82;-0.01;0.01;0.57;-0.42;1.88;68.84;
-0.37;0.01;10.45;0.01;-0.01;0.00;-0.07;1.02;-1.13;0.82;-0.01;0.01;0.57;-0.41;1.87;68.84;
-0.24;-0.11;9.23;-0.00;0.00;0.00;-0.11;1.06;-1.20;0.82;-0.01;0.01;0.57;-0.42;1.87;68.85;
-0.39;-0.20;9.71;-0.01;0.01;0.00;-0.09;1.04;-1.17;0.82;-0.01;0.01;0.57;-0.42;1.88;68.85;
-0.42;0.09;10.55;0.01;-0.00;-0.00;-0.11;1.05;-1.15;0.82;-0.01;0.01;0.57;-0.41;1.87;68.84;
-0.20;-0.10;9.05;-0.01;0.01;-0.00;-0.11;1.07;-1.20;0.82;-0.01;0.01;0.57;-0.42;1.88;68.84;
-0.39;-0.12;10.14;0.00;-0.00;-0.00;-0.09;1.04;-1.15;0.82;-0.01;0.01;0.57;-0.42;1.88;68.84;
-0.32;0.10;10.18;0.01;-0.00;-0.00;-0.14;1.08;-1.20;0.82;-0.01;0.01;0.57;-0.41;1.87;68.84;
-0.23;-0.16;9.09;-0.02;0.01;0.00;-0.07;1.04;-1.12;0.82;-0.01;0.01;0.57;-0.42;1.88;68.84;
-0.52;-0.18;10.28;0.01;-0.00;0.00;-0.15;1.09;-1.21;0.82;-0.01;0.01;0.57;-0.42;1.88;68.84;
-0.36;0.13;9.89;0.01;-0.00;0.00;-0.09;1.07;-1.20;0.82;-0.01;0.01;0.57;-0.41;1.87;68.84;
-0.19;-0.34;9.08;-0.02;0.02;0.00;-0.15;1.11;-1.25;0.82;-0.01;0.01;0.57;-0.42;1.88;68.84;
-0.52;-0.05;10.22;0.02;-0.01;0.00;-0.09;1.06;-1.22;0.82;-0.01;0.01;0.57;-0.41;1.88;68.84;
-0.20;-0.05;9.68;-0.00;0.00;0.00;-0.14;1.09;-1.24;0.82;-0.01;0.01;0.57;-0.42;1.88;68.84;
-0.26;-0.31;9.25;-0.01;0.01;0.00;-0.10;1.06;-1.28;0.82;-0.01;0.01;0.57;-0.42;1.88;68.84;
-0.53;0.06;10.42;0.01;-0.01;0.00;-0.11;1.07;-1.22;0.82;-0.01;0.01;0.57;-0.42;1.87;68.84;
-0.19;-0.14;9.52;-0.00;0.01;-0.00;-0.12;1.06;-1.27;0.82;-0.01;0.01;0.57;-0.42;1.88;68.84;
-0.36;-0.20;9.33;-0.01;0.01;-0.00;-0.08;1.04;-1.26;0.82;-0.01;0.01;0.57;-0.42;1.88;68.84;
-0.41;0.01;10.54;0.01;-0.01;-0.00;-0.14;1.06;-1.28;0.82;-0.01;0.01;0.57;-0.42;1.87;68.84;
-0.22;-0.05;9.42;-0.00;0.01;-0.00;-0.07;1.04;-1.23;0.82;-0.01;0.01;0.57;-0.42;1.88;68.84;
-0.36;-0.16;9.64;-0.01;0.00;0.00;-0.14;1.08;-1.24;0.82;-0.01;0.01;0.57;-0.42;1.88;68.84;
-0.40;0.08;10.53;0.01;-0.00;-0.00;-0.07;1.02;-1.24;0.82;-0.01;0.01;0.57;-0.42;1.88;68.84;
-0.21;-0.11;9.13;-0.01;0.01;0.00;-0.12;1.07;-1.25;0.82;-0.01;0.01;0.57;-0.42;1.88;68.84;
-0.37;-0.20;9.90;-0.00;0.00;0.00;-0.06;1.03;-1.25;0.82;-0.01;0.01;0.57;-0.42;1.88;68.84;
-0.41;0.10;10.30;0.02;-0.01;-0.00;-0.10;1.04;-1.24;0.82;-0.01;0.01;0.57;-0.41;1.87;68.84;
-0.16;-0.21;9.08;-0.02;0.01;0.00;-0.09;1.04;-1.26;0.82;-0.01;0.01;0.57;-0.42;1.87;68.84;
-0.42;-0.20;9.98;0.00;0.00;0.00;-0.07;1.04;-1.23;0.82;-0.01;0.01;0.57;-0.42;1.87;68.84;
-0.34;0.08;10.02;0.01;-0.00;-0.00;-0.10;1.04;-1.24;0.82;-0.01;0.01;0.57;-0.41;1.87;68.84;
-0.16;-0.27;9.19;-0.02;0.01;0.00;-0.05;1.01;-1.16;0.82;-0.01;0.01;0.57;-0.42;1.88;68.84;
-0.51;-0.15;10.05;0.01;-0.00;-0.00;-0.11;1.07;-1.23;0.82;-0.01;0.01;0.57;-0.42;1.88;68.84;
-0.27;0.09;9.93;0.01;-0.01;-0.00;-0.05;1.02;-1.19;0.82;-0.01;0.01;0.57;-0.42;1.87;68.84;
-0.16;-0.25;9.41;-0.02;0.01;-0.00;-0.12;1.09;-1.25;0.82;-0.01;0.01;0.57;-0.43;1.87;68.84;
-0.55;-0.04;10.13;0.01;-0.00;-0.00;-0.06;1.05;-1.22;0.82;-0.01;0.01;0.57;-0.42;1.87;68.84;
-0.21;0.01;9.80;0.00;-0.00;-0.00;-0.12;1.09;-1.25;0.82;-0.01;0.01;0.57;-0.42;1.87;68.84;
-0.27;-0.22;9.48;-0.01;0.01;0.00;-0.07;1.05;-1.22;0.82;-0.01;0.01;0.57;-0.42;1.88;68.84;
-0.59;-0.03;10.15;0.01;-0.01;0.00;-0.11;1.07;-1.21;0.82;-0.01;0.01;0.57;-0.42;1.87;68.84;
-0.17;-0.03;9.68;-0.01;0.00;-0.00;-0.10;1.05;-1.26;0.82;-0.01;0.01;0.57;-0.42;1.87;68.84;
-0.39;-0.21;9.54;-0.01;0.00;-0.00;-0.10;1.06;-1.28;0.82;-0.01;0.01;0.57;-0.42;1.87;68.83;
-0.45;-0.03;10.12;0.01;-0.01;0.00;-0.11;1.07;-1.31;0.82;-0.01;0.01;0.57;-0.42;1.87;68.84;
-0.22;-0.06;9.46;-0.01;0.01;-0.00;-0.09;1.05;-1.27;0.82;-0.01;0.01;0.57;-0.42;1.87;68.83;
-0.44;-0.24;9.66;-0.00;-0.00;0.00;-0.12;1.06;-1.34;0.82;-0.01;0.01;0.57;-0.42;1.87;68.84;
-0.40;0.02;10.15;0.01;0.00;0.00;-0.08;1.02;-1.27;0.82;-0.01;0.01;0.57;-0.42;1.87;68.84;
-0.21;-0.14;9.30;-0.01;0.01;0.00;-0.14;1.05;-1.30;0.82;-0.01;0.01;0.57;-0.42;1.88;68.84;
-0.44;-0.13;9.89;0.00;-0.00;0.00;-0.06;1.01;-1.20;0.82;-0.01;0.01;0.57;-0.42;1.88;68.84;
-0.33;0.06;10.17;0.01;-0.00;0.00;-0.14;1.05;-1.29;0.82;-0.01;0.01;0.57;-0.42;1.88;68.84;
-0.18;-0.19;9.26;-0.01;0.01;0.00;-0.08;1.01;-1.24;0.82;-0.01;0.01;0.57;-0.42;1.88;68.84;
-0.36;-0.07;10.03;0.00;-0.00;-0.00;-0.14;1.05;-1.26;0.82;-0.01;0.01;0.57;-0.42;1.88;68.84;
-0.31;0.03;10.14;0.01;-0.01;-0.00;-0.07;1.02;-1.23;0.82;-0.01;0.01;0.57;-0.42;1.88;68.84;
-0.17;-0.20;9.16;-0.01;0.00;0.00;-0.11;1.04;-1.21;0.82;-0.01;0.01;0.57;-0.42;1.88;68.84;
-0.39;-0.08;10.32;0.01;-0.01;-0.00;-0.08;1.02;-1.22;0.82;-0.01;0.01;0.57;-0.42;1.87;68.84;
-0.27;-0.09;9.72;0.01;-0.01;-0.00;-0.10;1.03;-1.17;0.82;-0.01;0.01;0.57;-0.42;1.87;68.84;
-0.21;-0.20;9.17;-0.02;0.01;-0.00;-0.10;1.02;-1.25;0.82;-0.01;0.01;0.57;-0.43;1.87;68.83;
-0.54;-0.01;10.55;0.01;-0.01;-0.00;-0.07;1.03;-1.19;0.82;-0.01;0.01;0.57;-0.42;1.87;68.83;
-0.32;-0.09;9.24;0.01;-0.00;-0.01;-0.10;1.05;-1.24;0.82;-0.01;0.01;0.57;-0.42;1.87;68.83;
-0.25;-0.17;9.50;-0.02;0.02;-0.00;-0.06;1.02;-1.17;0.82;-0.01;0.01;0.57;-0.43;1.88;68.83;
-0.50;-0.02;10.60;0.02;-0.01;-0.00;-0.10;1.05;-1.23;0.82;-0.01;0.01;0.57;-0.42;1.87;68.82;
-0.24;-0.05;8.96;-0.01;0.01;0.00;-0.04;1.01;-1.17;0.82;-0.01;0.01;0.57;-0.42;1.87;68.82;
-0.39;-0.21;9.96;-0.01;0.00;0.00;-0.12;1.06;-1.23;0.82;-0.01;0.01;0.57;-0.43;1.88;68.83;
-0.61;0.07;10.34;0.02;-0.02;-0.00;-0.04;1.02;-1.18;0.82;-0.01;0.01;0.57;-0.41;1.87;68.82;
-0.13;-0.12;8.95;-0.02;0.01;0.00;-0.11;1.07;-1.22;0.82;-0.01;0.01;0.57;-0.42;1.87;68.83;
-0.41;-0.21;10.23;-0.00;0.01;0.00;-0.05;1.03;-1.16;0.82;-0.01;0.01;0.57;-0.42;1.88;68.83;
-0.44;0.13;10.12;0.02;-0.02;0.01;-0.09;1.08;-1.16;0.82;-0.01;0.01;0.57;-0.41;1.87;68.83;
-0.03;-0.27;9.01;-0.02;0.01;0.00;-0.07;1.05;-1.24;0.82;-0.01;0.01;0.57;-0.42;1.87;68.83;
-0.56;-0.12;10.27;0.01;-0.00;0.00;-0.09;1.06;-1.22;0.82;-0.01;0.01;0.57;-0.42;1.87;68.83;
-0.29;0.06;9.85;0.01;-0.01;0.00;-0.07;1.06;-1.26;0.82;-0.01;0.01;0.57;-0.41;1.87;68.83;
-0.15;-0.31;9.06;-0.02;0.02;-0.00;-0.08;1.05;-1.19;0.82;-0.01;0.01;0.57;-0.42;1.88;68.83;
-0.51;-0.11;10.31;0.01;0.00;-0.00;-0.09;1.05;-1.24;0.82;-0.01;0.01;0.57;-0.42;1.88;68.83;
-0.15;0.04;9.73;0.00;0.00;-0.00;-0.04;1.03;-1.20;0.82;-0.01;0.01;0.57;-0.41;1.88;68.83;
-0.18;-0.28;9.27;-0.02;0.01;0.00;-0.11;1.05;-1.27;0.82;-0.01;0.01;0.57;-0.42;1.88;68.83;
-0.50;-0.07;10.26;0.01;-0.01;0.00;-0.04;1.01;-1.22;0.82;-0.01;0.01;0.57;-0.42;1.88;68.83;
-0.26;0.10;9.65;-0.00;-0.00;-0.00;-0.11;1.05;-1.22;0.82;-0.01;0.01;0.57;-0.42;1.88;68.83;
-0.26;-0.27;9.58;-0.01;0.00;-0.00;-0.04;1.01;-1.20;0.82;-0.01;0.01;0.57;-0.42;1.88;68.83;
-0.53;0.01;10.22;0.01;-0.00;-0.00;-0.10;1.05;-1.23;0.82;-0.01;0.01;0.57;-0.42;1.88;68.83;
-0.12;0.05;9.64;-0.01;-0.00;0.00;-0.06;1.03;-1.25;0.82;-0.01;0.01;0.57;-0.42;1.87;68.83;
-0.29;-0.28;9.68;-0.00;-0.00;0.00;-0.08;1.05;-1.20;0.82;-0.01;0.01;0.57;-0.42;1.87;68.83;
-0.52;0.08;10.15;0.02;-0.01;0.00;-0.08;1.04;-1.22;0.82;-0.01;0.01;0.57;-0.41;1.87;68.83;
-0.17;-0.09;9.56;-0.01;0.00;0.00;-0.05;1.02;-1.15;0.82;-0.01;0.01;0.57;-0.42;1.87;68.83;
-0.46;-0.27;9.55;-0.00;0.01;-0.00;-0.11;1.04;-1.20;0.82;-0.01;0.01;0.57;-0.42;1.87;68.83;
-0.39;0.05;10.16;0.01;-0.00;-0.00;-0.05;1.01;-1.16;0.82;-0.01;0.01;0.57;-0.41;1.87;68.82;
-0.16;-0.16;9.45;-0.01;0.01;-0.00;-0.12;1.06;-1.21;0.82;-0.01;0.01;0.57;-0.42;1.88;68.82;
-0.41;-0.23;9.58;0.00;0.00;-0.00;-0.06;1.03;-1.19;0.82;-0.01;0.01;0.57;-0.42;1.88;68.82;
-0.35;0.07;10.30;0.01;-0.01;0.00;-0.12;1.08;-1.19;0.82;-0.01;0.01;0.57;-0.41;1.87;68.82;
-0.31;-0.18;9.26;-0.01;0.01;0.00;-0.07;1.04;-1.21;0.82;-0.01;0.01;0.57;-0.42;1.87;68.82;
-0.52;-0.11;9.85;-0.00;0.00;0.00;-0.11;1.05;-1.22;0.82;-0.01;0.01;0.57;-0.42;1.87;68.82;
-0.33;-0.02;10.21;0.01;-0.01;-0.00;-0.10;1.07;-1.24;0.82;-0.01;0.01;0.57;-0.41;1.87;68.82;
-0.24;-0.13;9.24;-0.02;0.01;0.00;-0.09;1.06;-1.18;0.82;-0.01;0.01;0.57;-0.42;1.87;68.82;
-0.42;-0.12;10.16;0.01;-0.01;0.00;-0.12;1.09;-1.24;0.82;-0.01;0.01;0.57;-0.42;1.87;68.82;
-0.29;0.02;9.93;0.01;-0.01;0.00;-0.06;1.04;-1.16;0.82;-0.01;0.01;0.57;-0.41;1.87;68.82;
-0.23;-0.16;9.23;-0.02;0.01;0.00;-0.13;1.10;-1.30;0.82;-0.01;0.01;0.57;-0.42;1.87;68.83;
-0.46;-0.16;10.28;0.01;-0.00;0.00;-0.06;1.04;-1.24;0.82;-0.01;0.01;0.57;-0.42;1.87;68.83;
-0.19;0.05;9.57;0.00;0.00;-0.00;-0.13;1.08;-1.25;0.82;-0.01;0.01;0.57;-0.41;1.87;68.83;
-0.22;-0.18;9.59;-0.02;0.02;0.00;-0.07;1.05;-1.23;0.82;-0.01;0.01;0.57;-0.42;1.88;68.82;
-0.41;-0.09;10.20;0.02;-0.01;-0.00;-0.12;1.08;-1.24;0.82;-0.01;0.01;0.57;-0.41;1.87;68.82;
-0.15;-0.01;9.38;-0.01;0.01;-0.00;-0.08;1.04;-1.26;0.82;-0.01;0.01;0.57;-0.42;1.88;68.82;
-0.29;-0.26;9.85;-0.01;0.01;0.00;-0.10;1.04;-1.25;0.82;-0.01;0.01;0.57;-0.42;1.88;68.82;
-0.51;0.01;10.02;0.02;-0.01;-0.00;-0.09;1.04;-1.26;0.82;-0.01;0.01;0.57;-0.41;1.87;68.82;
-0.15;-0.08;9.37;-0.02;0.01;-0.00;-0.06;1.02;-1.25;0.82;-0.01;0.01;0.57;-0.42;1.88;68.82;
-0.41;-0.30;9.84;0.00;0.00;-0.00;-0.10;1.04;-1.30;0.82;-0.01;0.01;0.57;-0.42;1.88;68.81;
-0.44;0.12;10.02;0.01;-0.01;0.00;-0.03;1.01;-1.22;0.82;-0.01;0.01;0.57;-0.41;1.87;68.81;
-0.21;-0.21;9.54;-0.01;0.00;0.00;-0.10;1.05;-1.28;0.82;-0.01;0.01;0.57;-0.42;1.87;68.81;
-0.48;-0.13;9.80;0.00;-0.00;0.00;-0.04;1.00;-1.19;0.82;-0.01;0.01;0.57;-0.42;1.87;68.81;
-0.45;0.13;10.22;0.00;-0.00;0.00;-0.11;1.05;-1.21;0.82;-0.01;0.01;0.57;-0.42;1.86;68.82;
-0.19;-0.26;9.32;-0.01;0.01;0.00;-0.04;1.02;-1.21;0.82;-0.01;0.01;0.57;-0.42;1.87;68.82;
-0.53;-0.06;9.87;0.00;0.00;0.00;-0.09;1.03;-1.20;0.82;-0.01;0.01;0.57;-0.42;1.87;68.81;
-0.26;-0.02;10.18;0.00;0.00;0.00;-0.07;1.00;-1.17;0.82;-0.01;0.01;0.57;-0.41;1.87;68.82;
-0.30;-0.27;9.07;-0.01;0.01;-0.00;-0.07;1.03;-1.13;0.82;-0.01;0.01;0.57;-0.42;1.87;68.81;
-0.36;-0.09;10.05;-0.00;0.00;0.00;-0.10;1.03;-1.16;0.82;-0.01;0.01;0.57;-0.42;1.87;68.82;
-0.32;0.08;10.18;0.01;0.00;-0.00;-0.06;1.01;-1.13;0.82;-0.01;0.01;0.57;-0.42;1.87;68.82;
-0.23;-0.30;8.86;-0.01;0.01;0.00;-0.12;1.04;-1.14;0.82;-0.01;0.01;0.57;-0.42;1.88;68.82;
-0.42;-0.00;10.54;0.01;0.00;-0.00;-0.06;1.02;-1.11;0.82;-0.01;0.01;0.57;-0.42;1.88;68.81;
-0.21;-0.01;9.80;0.00;-0.01;0.00;-0.12;1.05;-1.17;0.82;-0.01;0.01;0.57;-0.42;1.87;68.81;
-0.25;-0.24;9.09;-0.01;0.01;0.00;-0.07;1.03;-1.15;0.82;-0.01;0.01;0.57;-0.43;1.88;68.81;
-0.42;-0.05;10.64;0.01;-0.01;0.00;-0.15;1.07;-1.19;0.82;-0.01;0.01;0.57;-0.42;1.87;68.82;
-0.25;0.01;9.37;-0.00;0.00;-0.00;-0.07;1.03;-1.14;0.82;-0.01;0.01;0.57;-0.42;1.87;68.81;
-0.37;-0.28;9.46;-0.01;0.01;0.00;-0.14;1.09;-1.17;0.82;-0.01;0.01;0.57;-0.43;1.88;68.81;
-0.40;-0.02;10.45;0.02;-0.01;-0.00;-0.10;1.07;-1.18;0.82;-0.01;0.01;0.57;-0.42;1.87;68.81;
-0.15;-0.03;9.13;-0.02;0.01;0.00;-0.12;1.08;-1.17;0.82;-0.01;0.01;0.57;-0.42;1.87;68.81;
-0.38;-0.30;9.97;-0.00;0.00;-0.00;-0.13;1.08;-1.24;0.82;-0.01;0.01;0.57;-0.43;1.87;68.81;
-0.43;0.11;10.06;0.02;-0.01;0.00;-0.12;1.07;-1.20;0.82;-0.01;0.01;0.57;-0.42;1.87;68.81;
-0.18;-0.15;9.28;-0.02;0.01;0.00;-0.13;1.09;-1.26;0.82;-0.01;0.01;0.57;-0.43;1.87;68.81;
-0.49;-0.23;10.06;0.01;-0.00;-0.00;-0.09;1.05;-1.22;0.82;-0.01;0.01;0.57;-0.42;1.87;68.81;
-0.28;0.16;9.98;0.01;-0.00;-0.00;-0.15;1.09;-1.28;0.82;-0.01;0.01;0.56;-0.42;1.87;68.81;
-0.18;-0.23;9.42;-0.01;0.01;0.00;-0.07;1.05;-1.23;0.82;-0.01;0.01;0.56;-0.43;1.88;68.81;
-0.46;-0.09;9.94;0.01;-0.00;0.00;-0.15;1.08;-1.25;0.82;-0.01;0.01;0.56;-0.42;1.88;68.81;
-0.31;0.09;10.07;0.00;-0.00;0.00;-0.08;1.03;-1.21;0.82;-0.01;0.01;0.57;-0.42;1.87;68.81;
-0.30;-0.31;9.29;-0.00;0.00;0.00;-0.13;1.07;-1.24;0.82;-0.01;0.01;0.56;-0.43;1.87;68.81;
-0.44;0.04;10.09;0.01;-0.00;0.00;-0.09;1.04;-1.23;0.82;-0.01;0.01;0.57;-0.42;1.87;68.81;
-0.27;-0.06;9.97;0.00;-0.00;-0.00;-0.12;1.05;-1.22;0.82;-0.01;0.01;0.56;-0.42;1.87;68.81;
-0.24;-0.27;8.98;-0.01;0.00;0.00;-0.10;1.04;-1.24;0.82;-0.01;0.01;0.57;-0.43;1.87;68.81;
-0.45;0.02;10.51;0.00;0.00;0.00;-0.10;1.04;-1.18;0.82;-0.01;0.01;0.57;-0.42;1.87;68.81;
-0.31;-0.11;9.63;0.01;-0.01;-0.00;-0.11;1.05;-1.30;0.82;-0.01;0.01;0.56;-0.42;1.87;68.81;
-0.28;-0.24;9.09;-0.02;0.01;-0.00;-0.07;1.05;-1.23;0.82;-0.01;0.01;0.56;-0.43;1.87;68.81;
-0.51;-0.04;10.66;0.01;-0.00;-0.00;-0.12;1.05;-1.29;0.82;-0.01;0.01;0.56;-0.42;1.87;68.81;
-0.18;-0.03;9.21;-0.00;0.00;-0.00;-0.05;1.02;-1.19;0.82;-0.01;0.01;0.56;-0.42;1.87;68.81;
-0.31;-0.20;9.70;-0.01;0.01;0.00;-0.11;1.06;-1.21;0.82;-0.01;0.01;0.56;-0.43;1.88;68.81;
-0.45;-0.00;10.51;0.02;-0.01;0.00;-0.05;1.01;-1.18;0.82;-0.01;0.01;0.56;-0.42;1.87;68.81;
-0.14;-0.00;9.06;-0.02;0.00;0.00;-0.12;1.06;-1.23;0.82;-0.01;0.01;0.56;-0.43;1.87;68.81;
-0.44;-0.19;10.17;-0.00;0.00;0.00;-0.05;1.02;-1.18;0.82;-0.01;0.01;0.56;-0.43;1.87;68.81;
-0.38;0.09;10.05;0.02;-0.01;0.00;-0.12;1.08;-1.22;0.82;-0.01;0.01;0.56;-0.42;1.87;68.81;
-0.13;-0.16;9.09;-0.02;0.01;0.00;-0.05;1.04;-1.18;0.82;-0.01;0.01;0.56;-0.43;1.87;68.81;
-0.46;-0.18;10.31;0.01;-0.01;-0.00;-0.12;1.07;-1.21;0.82;-0.01;0.01;0.56;-0.42;1.87;68.81;
-0.25;-0.01;9.58;0.00;0.00;-0.00;-0.06;1.05;-1.20;0.82;-0.01;0.01;0.56;-0.42;1.87;68.81;
-0.19;-0.20;9.34;-0.02;0.01;-0.00;-0.11;1.09;-1.24;0.82;-0.01;0.01;0.56;-0.43;1.88;68.80;
-0.49;-0.04;10.38;0.01;-0.01;-0.00;-0.08;1.06;-1.30;0.82;-0.01;0.01;0.56;-0.42;1.87;68.80;
-0.24;-0.10;9.43;0.00;0.00;0.00;-0.11;1.06;-1.27;0.82;-0.01;0.01;0.56;-0.42;1.87;68.80;
-0.29;-0.22;9.37;-0.01;0.01;-0.00;-0.10;1.06;-1.25;0.82;-0.01;0.01;0.56;-0.43;1.88;68.80;
-0.52;0.08;10.61;0.01;-0.01;-0.00;-0.10;1.05;-1.28;0.82;-0.01;0.01;0.56;-0.42;1.87;68.80;
-0.18;-0.14;9.36;0.00;0.00;-0.00;-0.11;1.05;-1.30;0.82;-0.01;0.01;0.56;-0.42;1.87;68.80;
-0.38;-0.16;9.37;-0.01;0.01;0.00;-0.09;1.04;-1.29;0.82;-0.01;0.01;0.56;-0.43;1.88;68.80;
-0.48;0.03;10.68;0.01;-0.01;0.00;-0.13;1.06;-1.32;0.82;-0.01;0.01;0.56;-0.42;1.87;68.80;
-0.23;-0.15;9.14;-0.00;0.00;0.00;-0.08;1.02;-1.25;0.82;-0.01;0.01;0.56;-0.42;1.87;68.80;
-0.36;-0.18;9.69;-0.01;0.01;0.00;-0.14;1.06;-1.30;0.82;-0.01;0.01;0.56;-0.43;1.88;68.80;
-0.46;0.09;10.64;0.02;-0.00;0.00;-0.07;1.00;-1.24;0.82;-0.01;0.01;0.56;-0.42;1.87;68.80;
-0.15;-0.16;8.91;-0.01;0.00;0.00;-0.14;1.05;-1.28;0.82;-0.01;0.01;0.56;-0.43;1.87;68.80;
-0.31;-0.22;9.80;-0.01;0.01;0.00;-0.06;1.00;-1.21;0.82;-0.01;0.01;0.56;-0.43;1.88;68.80;
-0.48;0.16;10.51;0.02;-0.01;0.00;-0.13;1.05;-1.21;0.82;-0.01;0.01;0.56;-0.42;1.87;68.80;
-0.12;-0.31;8.90;-0.01;0.01;0.00;-0.08;1.01;-1.24;0.82;-0.01;0.01;0.56;-0.43;1.88;68.80;
-0.48;-0.14;10.07;0.00;0.00;-0.00;-0.11;1.04;-1.24;0.82;-0.01;0.01;0.56;-0.43;1.88;68.80;
-0.33;0.04;10.02;0.01;-0.01;-0.00;-0.09;1.03;-1.27;0.82;-0.01;0.01;0.56;-0.42;1.87;68.80;
-0.11;-0.24;9.02;-0.02;0.02;-0.00;-0.10;1.03;-1.19;0.82;-0.01;0.01;0.56;-0.43;1.88;68.80;
-0.53;-0.11;10.36;0.01;-0.01;-0.00;-0.09;1.04;-1.22;0.82;-0.01;0.01;0.56;-0.43;1.88;68.80;
-0.21;0.04;9.78;0.00;-0.00;-0.00;-0.08;1.01;-1.18;0.82;-0.01;0.01;0.56;-0.42;1.87;68.80;
-0.28;-0.21;9.30;-0.02;0.01;-0.00;-0.10;1.03;-1.22;0.82;-0.01;0.01;0.56;-0.43;1.88;68.79;
-0.54;-0.05;10.45;0.02;-0.01;0.00;-0.06;1.01;-1.12;0.82;-0.01;0.01;0.56;-0.42;1.87;68.79;
-0.23;0.10;9.66;-0.00;0.00;-0.00;-0.11;1.05;-1.21;0.82;-0.01;0.01;0.56;-0.43;1.87;68.79;
-0.32;-0.31;9.47;-0.01;0.01;0.00;-0.04;1.02;-1.18;0.82;-0.01;0.01;0.56;-0.43;1.88;68.79;
-0.49;-0.01;10.28;0.02;-0.01;0.00;-0.11;1.06;-1.25;0.82;-0.01;0.01;0.56;-0.42;1.87;68.79;
-0.18;-0.04;9.47;-0.01;0.01;0.00;-0.04;1.03;-1.16;0.82;-0.01;0.01;0.56;-0.43;1.88;68.79;
-0.38;-0.32;9.50;-0.00;-0.00;0.00;-0.10;1.08;-1.23;0.82;-0.01;0.01;0.56;-0.43;1.88;68.79;
-0.44;0.09;10.21;0.01;-0.00;-0.00;-0.04;1.04;-1.20;0.82;-0.01;0.01;0.56;-0.42;1.88;68.79;
-0.19;-0.14;9.35;-0.01;0.01;0.00;-0.11;1.09;-1.24;0.82;-0.01;0.01;0.56;-0.43;1.88;68.79;
-0.38;-0.24;9.71;0.00;0.00;0.00;-0.05;1.05;-1.23;0.82;-0.01;0.01;0.56;-0.43;1.88;68.80;
-0.34;0.09;10.18;0.01;-0.00;0.00;-0.09;1.07;-1.21;0.82;-0.01;0.01;0.56;-0.42;1.88;68.80;
-0.19;-0.10;9.43;-0.01;0.00;0.00;-0.08;1.04;-1.23;0.82;-0.01;0.01;0.56;-0.43;1.88;68.80;
-0.44;-0.17;9.89;0.00;-0.00;0.00;-0.07;1.04;-1.20;0.82;-0.01;0.01;0.56;-0.43;1.88;68.80;
-0.34;0.12;10.10;0.01;-0.01;-0.00;-0.09;1.03;-1.24;0.82;-0.01;0.01;0.56;-0.42;1.88;68.80;
-0.15;-0.24;9.30;-0.02;0.01;-0.00;-0.05;1.01;-1.20;0.82;-0.01;0.01;0.56;-0.43;1.88;68.80;
-0.55;-0.09;10.04;0.01;-0.00;-0.00;-0.10;1.05;-1.25;0.82;-0.01;0.01;0.56;-0.43;1.88;68.79;
-0.22;0.00;9.90;0.01;-0.01;-0.00;-0.04;1.01;-1.22;0.82;-0.01;0.01;0.56;-0.42;1.87;68.79;
-0.27;-0.22;9.33;-0.01;0.01;-0.00;-0.11;1.05;-1.28;0.82;-0.01;0.01;0.56;-0.43;1.88;68.79;
-0.53;-0.03;10.17;0.01;-0.00;0.00;-0.04;1.00;-1.21;0.82;-0.01;0.01;0.56;-0.43;1.88;68.79;
-0.21;-0.05;9.72;0.00;0.00;-0.00;-0.12;1.06;-1.23;0.83;-0.01;0.01;0.56;-0.43;1.88;68.79;
-0.32;-0.21;9.38;-0.01;0.01;-0.00;-0.05;1.01;-1.18;0.83;-0.01;0.01;0.56;-0.43;1.88;68.79;
-0.50;-0.04;10.37;0.01;0.00;-0.00;-0.10;1.06;-1.21;0.83;-0.01;0.01;0.56;-0.43;1.88;68.79;
-0.21;-0.03;9.41;-0.00;0.00;0.00;-0.07;1.02;-1.21;0.83;-0.01;0.01;0.56;-0.43;1.88;68.79;
-0.30;-0.22;9.54;-0.01;0.01;0.00;-0.09;1.05;-1.19;0.83;-0.01;0.01;0.56;-0.43;1.89;68.79;
-0.49;-0.00;10.39;0.02;-0.01;0.00;-0.09;1.03;-1.19;0.82;-0.01;0.01;0.56;-0.42;1.88;68.79;
-0.15;-0.05;9.20;-0.01;0.00;0.00;-0.08;1.03;-1.16;0.82;-0.01;0.01;0.56;-0.43;1.88;68.79;
-0.36;-0.23;9.90;-0.00;-0.00;0.00;-0.12;1.07;-1.22;0.82;-0.01;0.01;0.56;-0.43;1.88;68.79;
-0.38;0.06;10.14;0.02;-0.01;0.00;-0.05;1.03;-1.18;0.82;-0.01;0.01;0.56;-0.42;1.88;68.79;
-0.08;-0.08;9.35;-0.01;0.01;0.00;-0.13;1.07;-1.26;0.82;-0.01;0.01;0.56;-0.43;1.88;68.79;
-0.41;-0.19;10.01;0.01;0.00;-0.00;-0.06;1.04;-1.18;0.82;-0.01;0.01;0.56;-0.43;1.88;68.79;
-0.41;0.05;9.89;0.01;-0.01;-0.00;-0.13;1.08;-1.22;0.83;-0.01;0.01;0.56;-0.42;1.88;68.79;
-0.16;-0.24;9.33;-0.02;0.01;-0.00;-0.07;1.05;-1.18;0.83;-0.01;0.01;0.56;-0.43;1.88;68.79;
-0.51;-0.09;10.08;0.01;-0.01;-0.00;-0.13;1.08;-1.20;0.83;-0.01;0.01;0.56;-0.43;1.88;68.79;
-0.27;0.00;9.86;0.00;-0.00;0.00;-0.09;1.06;-1.26;0.83;-0.01;0.01;0.56;-0.43;1.88;68.79;
-0.31;-0.22;9.31;-0.01;0.01;0.00;-0.12;1.08;-1.21;0.83;-0.01;0.01;0.56;-0.43;1.88;68.79;
-0.52;-0.04;10.22;0.01;-0.01;0.00;-0.10;1.08;-1.26;0.83;-0.01;0.01;0.56;-0.43;1.88;68.79;
-0.24;-0.03;9.83;0.00;-0.00;0.00;-0.09;1.07;-1.25;0.83;-0.01;0.01;0.56;-0.43;1.88;68.79;
-0.27;-0.17;9.31;-0.01;0.01;0.00;-0.11;1.06;-1.29;0.83;-0.01;0.01;0.56;-0.43;1.88;68.79;
-0.49;0.02;10.44;0.01;-0.01;0.00;-0.07;1.04;-1.24;0.83;-0.01;0.01;0.56;-0.43;1.87;68.79;
-0.25;-0.07;9.45;-0.00;0.01;0.00;-0.11;1.07;-1.27;0.83;-0.01;0.01;0.56;-0.43;1.88;68.79;
-0.32;-0.17;9.43;-0.01;0.01;0.00;-0.05;1.02;-1.25;0.83;-0.01;0.01;0.56;-0.43;1.88;68.79;
-0.45;-0.08;10.46;0.01;-0.00;-0.00;-0.12;1.05;-1.28;0.83;-0.01;0.01;0.56;-0.43;1.88;68.79;
-0.20;-0.06;9.25;-0.00;0.01;-0.00;-0.04;1.01;-1.22;0.83;-0.01;0.01;0.56;-0.43;1.88;68.79;
-0.30;-0.25;9.64;-0.01;0.01;0.00;-0.12;1.05;-1.25;0.83;-0.01;0.01;0.56;-0.44;1.89;68.79;
-0.44;0.03;10.25;0.02;-0.01;-0.00;-0.04;1.00;-1.21;0.83;-0.01;0.01;0.56;-0.43;1.88;68.79;
-0.14;-0.06;9.28;-0.01;0.01;0.00;-0.08;1.03;-1.20;0.83;-0.01;0.01;0.56;-0.43;1.89;68.79;
-0.40;-0.23;10.05;0.00;0.00;-0.00;-0.07;1.00;-1.22;0.83;-0.01;0.01;0.56;-0.43;1.89;68.79;
-0.41;0.10;10.06;0.02;-0.01;0.00;-0.08;1.02;-1.19;0.83;-0.01;0.01;0.56;-0.42;1.88;68.79;
-0.14;-0.18;9.25;-0.02;0.01;0.00;-0.08;1.03;-1.21;0.83;-0.01;0.01;0.56;-0.43;1.88;68.79;
-0.48;-0.11;10.17;0.01;-0.00;0.00;-0.07;1.02;-1.20;0.83;-0.01;0.01;0.56;-0.43;1.88;68.79;
-0.38;0.06;9.87;0.01;-0.01;0.00;-0.09;1.02;-1.18;0.83;-0.01;0.01;0.56;-0.42;1.88;68.79;
-0.17;-0.25;9.31;-0.01;0.01;-0.00;-0.05;0.99;-1.12;0.83;-0.01;0.01;0.56;-0.43;1.88;68.79;
-0.47;-0.08;10.15;0.01;-0.00;-0.00;-0.11;1.05;-1.17;0.83;-0.01;0.01;0.56;-0.43;1.88;68.79;
-0.21;0.02;9.82;0.00;-0.00;-0.00;-0.04;1.01;-1.12;0.83;-0.01;0.01;0.56;-0.42;1.88;68.79;
-0.22;-0.30;9.18;-0.01;0.01;-0.00;-0.13;1.05;-1.21;0.83;-0.01;0.01;0.56;-0.43;1.89;68.79;
-0.50;0.02;10.23;0.01;-0.01;-0.00;-0.06;1.01;-1.16;0.83;-0.01;0.01;0.56;-0.43;1.88;68.79;
-0.23;-0.06;9.76;-0.00;0.01;-0.00;-0.13;1.07;-1.16;0.83;-0.01;0.01;0.56;-0.43;1.89;68.78;
-0.30;-0.30;9.11;-0.01;0.01;-0.00;-0.07;1.03;-1.13;0.83;-0.01;0.01;0.56;-0.43;1.89;68.78;
-0.46;0.00;10.40;0.01;-0.00;-0.00;-0.13;1.06;-1.16;0.83;-0.01;0.01;0.56;-0.43;1.89;68.78;
-0.22;0.01;9.69;-0.00;0.00;-0.00;-0.09;1.05;-1.17;0.83;-0.01;0.01;0.56;-0.43;1.89;68.78;
-0.30;-0.27;9.27;-0.01;0.00;0.00;-0.12;1.07;-1.14;0.83;-0.01;0.01;0.56;-0.44;1.89;68.78;
-0.45;0.12;10.68;0.01;-0.01;0.00;-0.12;1.07;-1.17;0.83;-0.01;0.01;0.56;-0.43;1.88;68.78;
-0.27;-0.07;9.43;0.00;-0.01;0.00;-0.11;1.07;-1.14;0.83;-0.01;0.01;0.56;-0.43;1.88;68.78;
-0.38;-0.19;9.58;-0.01;0.00;0.00;-0.14;1.09;-1.23;0.83;-0.01;0.01;0.56;-0.43;1.88;68.78;
-0.48;0.06;10.50;0.02;-0.01;0.00;-0.10;1.07;-1.21;0.83;-0.01;0.01;0.56;-0.42;1.88;68.78;
-0.15;-0.19;8.97;-0.01;0.01;-0.00;-0.14;1.09;-1.22;0.83;-0.01;0.01;0.56;-0.43;1.88;68.78;
-0.42;-0.14;10.01;-0.00;0.01;0.00;-0.08;1.05;-1.17;0.83;-0.01;0.01;0.56;-0.43;1.88;68.78;
-0.34;-0.06;10.13;0.02;-0.01;0.00;-0.14;1.09;-1.25;0.83;-0.01;0.01;0.56;-0.42;1.87;68.78;
-0.21;-0.20;8.84;-0.02;0.01;0.00;-0.07;1.04;-1.21;0.83;-0.01;0.01;0.56;-0.43;1.88;68.78;
-0.46;-0.15;10.39;0.00;0.01;0.00;-0.15;1.07;-1.28;0.83;-0.01;0.01;0.56;-0.43;1.88;68.78;
-0.32;0.03;9.80;0.01;-0.01;-0.00;-0.07;1.04;-1.21;0.83;-0.01;0.01;0.56;-0.42;1.88;68.78;
-0.13;-0.26;9.02;-0.03;0.01;0.00;-0.14;1.08;-1.22;0.83;-0.01;0.01;0.56;-0.43;1.89;68.78;
-0.48;-0.09;10.58;0.02;-0.01;0.00;-0.08;1.02;-1.24;0.83;-0.01;0.01;0.56;-0.42;1.88;68.78;
-0.17;0.07;9.46;-0.01;-0.00;0.00;-0.13;1.08;-1.27;0.83;-0.01;0.01;0.56;-0.43;1.88;68.79;
-0.25;-0.25;9.54;-0.02;0.01;0.00;-0.08;1.04;-1.26;0.83;-0.01;0.01;0.56;-0.44;1.88;68.79;
-0.45;0.01;10.36;0.02;-0.01;0.00;-0.12;1.05;-1.24;0.83;-0.01;0.01;0.56;-0.42;1.88;68.79;
-0.18;0.04;9.53;-0.01;0.00;-0.00;-0.09;1.04;-1.24;0.83;-0.01;0.01;0.56;-0.43;1.88;68.78;
-0.31;-0.30;9.60;-0.01;0.00;-0.00;-0.09;1.04;-1.20;0.83;-0.01;0.01;0.56;-0.43;1.88;68.78;
-0.48;0.11;10.26;0.01;-0.00;-0.00;-0.10;1.04;-1.26;0.83;-0.01;0.01;0.56;-0.43;1.88;68.78;
-0.17;-0.06;9.60;-0.01;0.00;-0.00;-0.07;1.03;-1.21;0.83;-0.01;0.01;0.56;-0.43;1.88;68.78;
-0.42;-0.23;9.53;-0.00;0.00;-0.00;-0.10;1.04;-1.27;0.83;-0.01;0.01;0.56;-0.43;1.88;68.78;
-0.42;0.04;10.24;0.01;0.00;-0.00;-0.06;1.01;-1.22;0.83;-0.01;0.01;0.56;-0.43;1.88;68.78;
-0.31;-0.22;9.25;-0.00;0.01;-0.00;-0.12;1.06;-1.20;0.83;-0.01;0.01;0.56;-0.43;1.88;68.77;
